Date,Open,High,Low,Close,Volume,x,y
1/3/2012,0,332.83,324.97,663.59,"7,380,500",0,0
1/4/2012,0.009999833,333.87,329.08,666.45,"5,749,400",0.01,0.009999833
1/5/2012,0.019998667,330.75,326.89,657.21,"6,590,300",0.02,0.019998667
1/6/2012,0.0299955,328.77,323.68,648.24,"5,405,900",0.03,0.0299955
1/9/2012,0.039989334,322.29,309.46,620.76,"11,688,800",0.04,0.039989334
1/10/2012,0.049979169,315.72,307.3,621.43,"8,824,000",0.05,0.049979169
1/11/2012,0.059964006,313.52,309.4,624.25,"4,817,800",0.06,0.059964006
1/12/2012,0.069942847,315.26,312.08,627.92,"3,764,400",0.07,0.069942847
1/13/2012,0.079914694,312.3,309.37,623.28,"4,631,800",0.08,0.079914694
1/17/2012,0.089878549,314.81,311.67,626.86,"3,832,800",0.09,0.089878549
1/18/2012,0.099833417,315.82,309.9,631.18,"5,544,000",0.1,0.099833417
1/19/2012,0.109778301,319.3,314.55,637.82,"12,657,800",0.11,0.109778301
1/20/2012,0.119712207,294.4,289.76,584.39,"21,231,800",0.12,0.119712207
1/23/2012,0.129634143,293.23,290.49,583.92,"6,851,300",0.13,0.129634143
1/24/2012,0.139543115,292.74,287.92,579.34,"6,134,400",0.14,0.139543115
1/25/2012,0.149438132,288.27,282.13,567.93,"10,012,700",0.15,0.149438132
1/26/2012,0.159318207,286.17,281.22,566.54,"6,476,500",0.16,0.159318207
1/27/2012,0.169182349,289.08,283.6,578.39,"7,262,000",0.17,0.169182349
1/30/2012,0.179029573,288.92,285.63,576.11,"4,678,400",0.18,0.179029573
1/31/2012,0.188858895,290.91,286.5,578.52,"4,300,700",0.19,0.188858895
2/1/2012,0.198669331,291.66,288.49,579.24,"4,658,700",0.2,0.198669331
2/2/2012,0.2084599,292.11,289.95,583.51,"4,847,400",0.21,0.2084599
2/3/2012,0.218229623,297.42,292.93,594.7,"6,360,700",0.22,0.218229623
2/6/2012,0.227977524,304.27,295.9,607.42,"7,386,700",0.23,0.227977524
2/7/2012,0.237702626,303.56,300.75,605.11,"4,199,700",0.24,0.237702626
2/8/2012,0.247403959,304.53,301.24,608.18,"3,686,400",0.25,0.247403959
2/9/2012,0.257080552,306.1,303.36,609.79,"4,546,300",0.26,0.257080552
2/10/2012,0.266731437,302.93,300.87,604.25,"4,667,700",0.27,0.266731437
2/13/2012,0.276355649,305.77,303.87,610.52,"3,646,100",0.28,0.276355649
2/14/2012,0.285952225,304.86,301.25,608.09,"3,620,900",0.29,0.285952225
2/15/2012,0.295520207,305.32,300.15,603.9,"4,869,900",0.3,0.295520207
2/16/2012,0.305058636,303.27,297.75,604.86,"5,080,700",0.31,0.305058636
2/17/2012,0.314566561,302.68,300.08,602.98,"4,916,400",0.32,0.314566561
2/21/2012,0.324043028,307.79,300.31,612.32,"4,980,100",0.33,0.324043028
2/22/2012,0.333487092,307.24,302.22,606.28,"3,948,700",0.34,0.333487092
2/23/2012,0.342897807,302.83,299.05,604.45,"4,125,300",0.35,0.342897807
2/24/2012,0.352274233,304.68,301.62,608.23,"3,885,600",0.36,0.352274233
2/27/2012,0.361615432,305.04,301.4,607.64,"3,641,300",0.37,0.361615432
2/28/2012,0.370920469,308.73,302.71,616.7,"5,716,400",0.38,0.370920469
2/29/2012,0.380188415,311.63,306.6,616.56,"6,297,200",0.39,0.380188415
3/1/2012,0.389418342,311.68,307.92,620.7,"4,492,000",0.4,0.389418342
3/2/2012,0.398609328,310.83,309,619.55,"3,158,300",0.41,0.398609328
3/5/2012,0.407760453,310.08,304.55,612.57,"3,198,400",0.42,0.407760453
3/6/2012,0.416870802,303.27,295.81,603.3,"6,372,500",0.43,0.416870802
3/7/2012,0.425939465,304.45,301.8,605.14,"2,538,400",0.44,0.425939465
3/8/2012,0.434965534,304.61,302.04,605.48,"2,700,900",0.45,0.434965534
3/9/2012,0.443948107,304.81,298.88,598.61,"5,361,100",0.46,0.443948107
3/12/2012,0.452886285,302.37,298.51,603.49,"3,350,400",0.47,0.452886285
3/13/2012,0.461779176,307.77,301.64,616.09,"4,508,300",0.48,0.461779176
3/14/2012,0.470625888,310.23,305.58,614.3,"5,895,700",0.49,0.470625888
3/15/2012,0.479425539,310.59,306.27,619.43,"4,888,300",0.5,0.479425539
3/16/2012,0.488177247,311.79,308.87,623.33,"6,123,800",0.51,0.488177247
3/19/2012,0.496880138,317.45,309.46,632.24,"4,361,800",0.52,0.496880138
3/20/2012,0.505533341,316.84,312.46,631.76,"3,092,400",0.53,0.505533341
3/21/2012,0.514135992,322.49,315.07,638.23,"4,957,600",0.54,0.514135992
3/22/2012,0.522687229,323.19,314.32,644.28,"4,838,400",0.55,0.522687229
3/23/2012,0.531186198,323.04,319.25,640.83,"3,894,800",0.56,0.531186198
3/26/2012,0.539632049,323.53,318.58,647.55,"3,651,900",0.57,0.539632049
3/27/2012,0.548023937,325.53,321.2,645.25,"4,029,400",0.58,0.548023937
3/28/2012,0.556361023,328.07,324.32,653.96,"5,096,700",0.59,0.556361023
3/29/2012,0.564642473,327.07,320.95,646.63,"3,862,900",0.6,0.564642473
3/30/2012,0.57286746,325.52,319.3,639.48,"4,638,700",0.61,0.57286746
4/2/2012,0.581035161,322.54,316.23,645.15,"4,585,400",0.62,0.581035161
4/3/2012,0.589144758,322.77,318.13,640.86,"4,105,000",0.63,0.589144758
4/4/2012,0.597195441,318.31,314.37,633.41,"3,267,300",0.64,0.597195441
4/5/2012,0.605186406,317.03,313.11,630.59,"4,654,700",0.65,0.605186406
4/9/2012,0.613116852,316.48,311.48,629.11,"4,381,600",0.66,0.613116852
4/10/2012,0.620985987,316.07,311.11,625.14,"4,982,500",0.67,0.620985987
4/11/2012,0.628793024,316.81,314.47,634.22,"4,414,300",0.68,0.628793024
4/12/2012,0.636537182,325.35,318.93,649.23,"11,556,300",0.69,0.636537182
4/13/2012,0.644217687,323.28,310.61,622.89,"16,379,700",0.7,0.644217687
4/16/2012,0.651833771,310.74,299.71,604.41,"11,426,700",0.71,0.651833771
4/17/2012,0.659384672,307.69,302.37,607.9,"6,070,400",0.72,0.659384672
4/18/2012,0.666869635,305.26,300.28,605.79,"5,358,900",0.73,0.666869635
4/19/2012,0.674287912,306.98,298.38,597.66,"6,613,800",0.74,0.674287912
4/20/2012,0.68163876,303.29,296.8,594.43,"6,139,700",0.75,0.68163876
4/23/2012,0.688921445,298.11,294,595.96,"4,411,900",0.76,0.688921445
4/24/2012,0.696135239,302.18,297.54,599.62,"3,872,600",0.77,0.696135239
4/25/2012,0.703279419,304.53,300.31,608.05,"3,655,800",0.78,0.703279419
4/26/2012,0.710353272,307.85,303.71,613.78,"4,200,600",0.79,0.710353272
4/27/2012,0.717356091,307.22,304.16,613.3,"3,284,900",0.8,0.717356091
4/30/2012,0.724287174,306.89,299.18,603.19,"4,832,600",0.81,0.724287174
5/1/2012,0.73114583,304.66,298.97,602.78,"4,019,600",0.82,0.73114583
5/2/2012,0.737931371,302.92,299.18,605.6,"3,235,000",0.83,0.737931371
5/3/2012,0.74464312,306.27,303.34,609.35,"3,749,900",0.84,0.74464312
5/4/2012,0.751280405,302.81,297.29,595.34,"4,431,300",0.85,0.751280405
5/7/2012,0.757842563,304.14,296.39,605.89,"4,003,800",0.86,0.757842563
5/8/2012,0.764328937,307.3,299.23,611.11,"5,374,600",0.87,0.764328937
5/9/2012,0.770738879,307.04,299.78,607.48,"4,675,000",0.88,0.770738879
5/10/2012,0.777071748,306.94,303.98,611.98,"3,083,200",0.89,0.777071748
5/11/2012,0.78332691,306.13,301.26,603.57,"4,214,400",0.9,0.78332691
5/14/2012,0.78950374,303.11,299.17,602.35,"3,662,400",0.91,0.78950374
5/15/2012,0.79560162,306.35,300.75,609.44,"4,219,900",0.92,0.79560162
5/16/2012,0.801619941,313.87,306.82,627.21,"9,706,300",0.93,0.801619941
5/17/2012,0.8075581,317.73,309.46,621.34,"6,732,700",0.94,0.8075581
5/18/2012,0.813415505,315.03,297.24,598.76,"11,991,700",0.95,0.813415505
5/21/2012,0.819191568,306.7,298.88,612.43,"6,173,800",0.96,0.819191568
5/22/2012,0.824885713,305.76,296.89,599.16,"6,126,600",0.97,0.824885713
5/23/2012,0.83049737,303.66,297.45,607.79,"6,379,900",0.98,0.83049737
5/24/2012,0.836025979,304.82,298.32,602.01,"3,796,600",0.99,0.836025979
5/25/2012,0.841470985,299.74,293.04,589.91,"7,190,500",1,0.841470985
5/29/2012,0.846831845,298.45,293.06,592.71,"5,230,900",1.01,0.846831845
5/30/2012,0.852108022,294.84,290.68,586.62,"3,827,600",1.02,0.852108022
5/31/2012,0.857298989,293.9,288.42,579.27,"5,958,800",1.03,0.857298989
6/1/2012,0.862404227,285.26,283.11,569.42,"6,138,700",1.04,0.862404227
6/4/2012,0.867423226,289.16,283.94,577.01,"4,883,500",1.05,0.867423226
6/5/2012,0.872355482,287.99,282.18,568.85,"4,697,200",1.06,0.872355482
6/6/2012,0.877200504,289.9,285.73,578.98,"4,207,200",1.07,0.877200504
6/7/2012,0.881957807,292.85,287.55,576.65,"3,530,100",1.08,0.881957807
6/8/2012,0.886626914,289.42,286.22,578.86,"2,831,300",1.09,0.886626914
6/11/2012,0.89120736,291.57,282.29,566.94,"5,342,100",1.1,0.89120736
6/12/2012,0.895698686,284.09,278.25,563.55,"6,472,500",1.11,0.895698686
6/13/2012,0.900100442,282.44,278.3,559.55,"3,923,000",1.12,0.900100442
6/14/2012,0.904412189,281.48,277.22,557.52,"4,707,200",1.13,0.904412189
6/15/2012,0.908633496,281.21,277.5,562.96,"6,024,800",1.14,0.908633496
6/18/2012,0.91276394,286.03,278.58,569.29,"5,012,400",1.15,0.91276394
6/19/2012,0.916803109,291.05,285.49,579.94,"4,167,900",1.16,0.916803109
6/20/2012,0.920750598,288.92,285.68,575.93,"4,710,800",1.17,0.920750598
6/21/2012,0.924606012,288.84,280.81,563.66,"4,037,600",1.18,0.924606012
6/22/2012,0.928368967,284.67,281.85,569.92,"4,472,400",1.19,0.928368967
6/25/2012,0.932039086,282.98,277.63,559.16,"3,174,900",1.2,0.932039086
6/26/2012,0.935616002,282.24,278.7,563.13,"2,710,500",1.21,0.935616002
6/27/2012,0.939099356,285.92,281.95,567.74,"3,397,200",1.22,0.939099356
6/28/2012,0.942488802,282.06,277.56,562.76,"3,856,100",1.23,0.942488802
6/29/2012,0.945783999,288.98,285.03,578.48,"5,057,800",1.24,0.945783999
7/2/2012,0.948984619,290.41,287.17,578.88,"3,323,300",1.25,0.948984619
7/3/2012,0.952090342,293.11,287.92,586.22,"2,387,800",1.26,0.952090342
7/5/2012,0.955100856,298.91,293.17,594.29,"4,709,200",1.27,0.955100856
7/6/2012,0.95801586,295.65,290.32,584.38,"4,339,700",1.28,0.95801586
7/9/2012,0.960835064,293.2,289.54,584.41,"3,443,000",1.29,0.960835064
7/10/2012,0.963558185,295.11,288.29,580.11,"3,860,500",1.3,0.963558185
7/11/2012,0.966184952,287.85,281.42,569.63,"7,024,700",1.31,0.966184952
7/12/2012,0.9687151,284.9,280,568.92,"4,636,800",1.32,0.9687151
7/13/2012,0.971148378,288.49,283.21,574.94,"3,966,700",1.33,0.971148378
7/16/2012,0.973484542,288.51,284.82,573.35,"2,936,100",1.34,0.973484542
7/17/2012,0.975723358,289.25,283.14,575.15,"3,372,700",1.35,0.975723358
7/18/2012,0.977864602,290.76,286.99,579.17,"3,107,900",1.36,0.977864602
7/19/2012,0.979908061,298.12,291.91,591.44,"9,384,300",1.37,0.979908061
7/20/2012,0.98185353,305.33,297.97,609.15,"12,975,800",1.38,0.98185353
7/23/2012,0.983700815,308.02,298.01,613.82,"7,150,000",1.39,0.983700815
7/24/2012,0.98544973,307.81,301.04,605.91,"4,033,800",1.4,0.98544973
7/25/2012,0.987100101,305.54,301.55,606.33,"3,659,600",1.41,0.987100101
7/26/2012,0.988651763,307.28,303.88,611.68,"3,382,900",1.42,0.988651763
7/27/2012,0.99010456,316.31,307.6,633.22,"7,125,900",1.43,0.99010456
7/30/2012,0.991458348,320.1,313.57,630.57,"4,389,700",1.44,0.991458348
7/31/2012,0.992712991,317.06,312.94,631.24,"3,745,100",1.45,0.992712991
8/1/2012,0.993868363,318.56,314.51,630.95,"3,702,900",1.46,0.993868363
8/2/2012,0.99492435,317.82,310.54,627.03,"3,970,100",1.47,0.99492435
8/3/2012,0.995880845,320.66,316.88,639.57,"3,808,300",1.48,0.995880845
8/6/2012,0.996737752,323.48,318.42,641.06,"3,578,000",1.49,0.996737752
8/7/2012,0.997494987,320.93,317.05,638.79,"3,978,300",1.5,0.997494987
8/8/2012,0.998152472,321.73,318.06,640.47,"2,654,200",1.51,0.998152472
8/9/2012,0.998710144,321.98,319.56,640.59,"2,148,500",1.52,0.998710144
8/10/2012,0.999167945,319.92,316.88,640.24,"2,879,800",1.53,0.999167945
8/13/2012,0.999525831,328.84,322.13,658.2,"6,560,200",1.54,0.999525831
8/14/2012,0.999783764,335.17,328.27,666.83,"7,350,800",1.55,0.999783764
8/15/2012,0.99994172,335.87,330.81,665.71,"4,839,400",1.56,0.99994172
8/16/2012,0.999999683,336.06,332.29,671.03,"3,448,200",1.57,0.999999683
8/17/2012,0.999957646,337.36,334.6,675.29,"4,371,600",1.58,0.999957646
8/20/2012,0.999815615,338.17,335.07,673.69,"3,529,300",1.59,0.999815615
8/21/2012,0.999573603,337.73,329.85,667.68,"4,461,000",1.6,0.999573603
8/22/2012,0.999231634,339.03,332.11,675.33,"3,832,600",1.61,0.999231634
8/23/2012,0.998789743,338.97,334.25,674.95,"3,581,700",1.62,0.998789743
8/24/2012,0.998247974,338.95,335.78,676.77,"2,863,800",1.63,0.998247974
8/27/2012,0.997606381,334.75,328.39,667.39,"5,246,900",1.64,0.997606381
8/28/2012,0.996865028,337.54,331.13,675.4,"4,132,600",1.65,0.996865028
8/29/2012,0.99602399,343.21,336.81,686.13,"6,002,900",1.66,0.99602399
8/30/2012,0.99508335,342.41,338.82,679.81,"3,265,900",1.67,0.99508335
8/31/2012,0.994043202,343,338.75,683.21,"4,270,000",1.68,0.994043202
9/4/2012,0.992903651,341.22,335.49,679.18,"3,793,200",1.69,0.992903651
9/5/2012,0.99166481,341.97,338.3,678.86,"3,429,100",1.7,0.99166481
9/6/2012,0.990326804,348.64,341.09,697.49,"6,109,700",1.71,0.990326804
9/7/2012,0.988889766,354.8,347.53,704.22,"6,490,100",1.72,0.988889766
9/10/2012,0.98735384,355.07,347.89,698.85,"5,139,100",1.73,0.98735384
9/11/2012,0.985719179,349.02,344.21,690.29,"3,761,500",1.74,0.985719179
9/12/2012,0.983985947,346.16,339.17,688.99,"5,304,300",1.75,0.983985947
9/13/2012,0.982154317,353.18,343.98,704.11,"5,337,900",1.76,0.982154317
9/14/2012,0.980224473,355.17,352.18,707.74,"5,256,500",1.77,0.980224473
9/17/2012,0.978196607,355.11,351.18,708.04,"3,027,800",1.78,0.978196607
9/18/2012,0.976070922,357.99,352.07,716.31,"4,149,000",1.79,0.976070922
9/19/2012,0.973847631,362.92,356.87,725.51,"6,219,700",1.8,0.973847631
9/20/2012,0.971526956,364.32,359.26,726.13,"5,836,500",1.81,0.971526956
9/21/2012,0.969109129,366.09,363.7,731.98,"12,765,800",1.82,0.969109129
9/24/2012,0.966594392,373.62,363.76,747.33,"7,154,200",1.83,0.966594392
9/25/2012,0.963982996,381.02,372.43,747.11,"12,162,400",1.84,0.963982996
9/26/2012,0.961275203,379.2,369.12,751.4,"11,388,200",1.85,0.961275203
9/27/2012,0.958471283,380,374.42,754.43,"7,891,600",1.86,0.958471283
9/28/2012,0.955571517,378.23,374.17,752.43,"5,587,700",1.87,0.955571517
10/1/2012,0.952576194,381.07,376.69,759.69,"6,359,700",1.88,0.952576194
10/2/2012,0.949485615,381.56,373.73,754.92,"5,601,200",1.89,0.949485615
10/3/2012,0.946300088,380.53,374.7,760.41,"4,433,100",1.9,0.946300088
10/4/2012,0.943019931,383.51,378.28,765.95,"4,926,700",1.91,0.943019931
10/5/2012,0.939645474,385.74,381.08,765.55,"5,492,200",1.92,0.939645474
10/8/2012,0.936177052,380.36,375.67,755.77,"3,931,800",1.93,0.936177052
10/9/2012,0.932615014,379.24,369.88,742.05,"6,028,900",1.94,0.932615014
10/10/2012,0.928959715,372.37,367.77,742.52,"4,095,000",1.95,0.928959715
10/11/2012,0.925211521,377.83,373.74,749.42,"4,785,600",1.96,0.925211521
10/12/2012,0.921370806,376.03,370.66,742.71,"4,826,400",1.97,0.921370806
10/15/2012,0.917437955,370.53,363.99,738.95,"6,060,700",1.98,0.917437955
10/16/2012,0.913413361,372.1,366.85,742.66,"4,131,800",1.99,0.913413361
10/17/2012,0.909297427,376.76,368.75,753.42,"4,602,900",2,0.909297427
10/18/2012,0.905090563,378.29,336.74,693.1,"24,977,900",2.01,0.905090563
10/19/2012,0.900793192,352.03,334.75,679.92,"23,050,400",2.02,0.900793192
10/22/2012,0.896405741,341.04,333.6,676.81,"8,141,500",2.03,0.896405741
10/23/2012,0.891928651,342.38,334.75,678.49,"5,855,000",2.04,0.891928651
10/24/2012,0.887362369,342.22,336.37,675.45,"5,011,600",2.05,0.887362369
10/25/2012,0.882707351,339.73,335.5,675.9,"4,820,100",2.06,0.882707351
10/26/2012,0.877964063,340.24,334.35,673.3,"3,916,200",2.07,0.877964063
10/31/2012,0.87313298,339.23,336.24,678.44,"3,085,400",2.08,0.87313298
11/1/2012,0.868214583,344.16,338.09,685.71,"4,115,500",2.09,0.868214583
11/2/2012,0.863209367,346.48,342.4,686.04,"4,666,100",2.1,0.863209367
11/5/2012,0.85811783,342.15,336.52,681.09,"3,283,900",2.11,0.85811783
11/6/2012,0.852940482,341.97,337.51,679.85,"3,177,300",2.12,0.852940482
11/7/2012,0.84767784,337.85,332,665.29,"4,481,200",2.13,0.84767784
11/8/2012,0.842330432,334.49,324.4,650.5,"5,213,300",2.14,0.842330432
11/9/2012,0.836898791,332.92,323.94,661.21,"6,251,500",2.15,0.836898791
11/12/2012,0.831383461,333.65,329.2,664.08,"2,822,300",2.16,0.831383461
11/13/2012,0.825784993,332.55,327.89,657.25,"3,200,200",2.17,0.825784993
11/14/2012,0.820103948,329.85,324.04,650.76,"3,349,200",2.18,0.820103948
11/15/2012,0.814340892,328.77,320.75,645.49,"3,711,500",2.19,0.814340892
11/16/2012,0.808496404,325.29,316.81,645.41,"6,902,000",2.2,0.808496404
11/19/2012,0.802571066,333.21,326.54,666.38,"4,754,100",2.21,0.802571066
11/20/2012,0.796565472,337.73,331.04,668.14,"4,192,900",2.22,0.796565472
11/21/2012,0.790480222,333.65,328.97,664.05,"4,240,200",2.23,0.790480222
11/23/2012,0.784315925,333.75,331.81,666.14,"1,851,800",2.24,0.784315925
11/26/2012,0.778073197,332.25,328.28,659.34,"4,425,700",2.25,0.778073197
11/27/2012,0.771752662,336.24,327.77,668.87,"5,036,100",2.26,0.771752662
11/28/2012,0.765354953,341.18,330.71,681.8,"6,106,700",2.27,0.765354953
11/29/2012,0.758880708,345.65,339.73,690,"5,573,700",2.28,0.758880708
11/30/2012,0.752330576,348.3,341.56,696.46,"6,350,800",2.29,0.752330576
12/3/2012,0.745705212,351.63,345.76,693.35,"4,401,300",2.3,0.745705212
12/4/2012,0.739005278,346.46,341.57,689.14,"3,998,200",2.31,0.739005278
12/5/2012,0.732231444,345.95,339.89,685.94,"3,738,700",2.32,0.732231444
12/6/2012,0.725384387,346.51,340.98,689.24,"2,935,500",2.33,0.725384387
12/7/2012,0.718464793,347.14,339.94,682.34,"3,852,900",2.34,0.718464793
12/10/2012,0.711473353,344.53,340.62,683.54,"2,743,600",2.35,0.711473353
12/11/2012,0.704410766,349.65,342.58,694.97,"5,395,200",2.36,0.704410766
12/12/2012,0.697277738,350.44,345.45,695.65,"4,870,100",2.37,0.697277738
12/13/2012,0.690074984,356.9,348.47,700.78,"6,915,500",2.38,0.690074984
12/14/2012,0.682803222,352.59,347.91,700.04,"4,276,100",2.39,0.682803222
12/17/2012,0.675463181,359.61,350.7,718.81,"6,093,400",2.4,0.675463181
12/18/2012,0.668055593,363.19,356.19,719.1,"6,032,300",2.41,0.668055593
12/19/2012,0.660581201,360.15,357,718.14,"3,851,500",2.42,0.660581201
12/20/2012,0.653040752,360.97,357.15,720.38,"3,326,400",2.43,0.653040752
12/21/2012,0.645434998,358.07,353.93,713.67,"7,078,300",2.44,0.645434998
12/24/2012,0.637764702,356.25,352.41,707.56,"1,688,000",2.45,0.637764702
12/26/2012,0.63003063,355.11,349.89,706.93,"2,373,500",2.46,0.63003063
12/27/2012,0.622233555,353.1,348,704.36,"3,307,000",2.47,0.622233555
12/28/2012,0.614374258,352.14,348.7,698.09,"2,814,500",2.48,0.614374258
12/31/2012,0.606453523,353.96,346.7,705.44,"4,009,600",2.49,0.606453523
1/2/2013,0.598472144,362.14,356.94,721.27,"5,101,500",2.5,0.598472144
1/3/2013,0.590430918,364.6,359.01,721.69,"4,653,700",2.51,0.590430918
1/4/2013,0.58233065,369.35,362.48,735.95,"5,547,600",2.52,0.58233065
1/7/2013,0.574172148,368.31,363.93,732.74,"3,323,800",2.53,0.574172148
1/8/2013,0.56595623,366.78,360.86,731.29,"3,364,700",2.54,0.56595623
1/9/2013,0.557683717,367.8,362.94,736.1,"4,064,500",2.55,0.557683717
1/10/2013,0.549355436,371.11,365.38,739.45,"3,685,000",2.56,0.549355436
1/11/2013,0.54097222,369.83,366.78,737.96,"2,579,900",2.57,0.54097222
1/14/2013,0.532534908,369.71,359.83,721.27,"5,749,200",2.58,0.532534908
1/15/2013,0.524044342,366.13,354.72,722.95,"7,884,700",2.59,0.524044342
1/16/2013,0.515501372,360.82,355.5,713.23,"4,061,900",2.6,0.515501372
1/17/2013,0.506906852,358.48,354.18,709.37,"4,439,500",2.61,0.506906852
1/18/2013,0.498261642,355.05,349.36,702.58,"6,477,700",2.62,0.498261642
1/22/2013,0.489566607,351.35,346.46,700.95,"7,613,100",2.63,0.489566607
1/23/2013,0.480822615,373.1,366.52,739.47,"11,862,400",2.64,0.480822615
1/24/2013,0.472030541,377,368.87,752.15,"6,790,600",2.65,0.472030541
1/25/2013,0.463191265,377.82,373.72,751.61,"4,468,400",2.66,0.463191265
1/28/2013,0.45430567,376.39,372.55,748.67,"3,266,300",2.67,0.45430567
1/29/2013,0.445374645,377.06,371.88,751.62,"3,507,200",2.68,0.445374645
1/30/2013,0.436399082,379.05,375.05,751.77,"3,478,900",2.69,0.436399082
1/31/2013,0.42737988,377.4,373.72,753.62,"3,280,500",2.7,0.42737988
2/1/2013,0.418317941,386.85,377.63,773.48,"7,520,100",2.71,0.418317941
2/4/2013,0.40921417,383.8,377.72,756.94,"6,103,700",2.72,0.40921417
2/5/2013,0.400069478,384.12,378.32,763.64,"3,755,300",2.73,0.400069478
2/6/2013,0.390884779,385.04,377.83,768.06,"4,171,700",2.74,0.390884779
2/7/2013,0.381660992,387.95,381.32,771.83,"5,701,600",2.75,0.381660992
2/8/2013,0.372399039,391.87,388.32,783.22,"6,062,700",2.76,0.372399039
2/11/2013,0.363099847,390.04,385.43,780.28,"4,351,800",2.77,0.363099847
2/12/2013,0.353764345,392.48,388.23,778.56,"3,731,900",2.78,0.353764345
2/13/2013,0.344393467,391.21,388.53,780.72,"2,405,200",2.79,0.344393467
2/14/2013,0.33498815,392.9,387.43,785.66,"3,483,500",2.8,0.33498815
2/15/2013,0.325549335,395.15,392.07,790.72,"5,480,000",2.81,0.325549335
2/19/2013,0.316077964,401.99,396.16,804.64,"5,885,500",2.82,0.316077964
2/20/2013,0.306574986,402.97,394.42,790.29,"5,549,000",2.83,0.306574986
2/21/2013,0.297041351,401.22,394.13,793.35,"7,039,000",2.84,0.297041351
2/22/2013,0.287478012,399.13,395.42,797.52,"4,123,100",2.85,0.287478012
2/25/2013,0.277885926,402.7,393.77,788.6,"4,625,000",2.86,0.277885926
2/26/2013,0.268266051,396.49,390.74,787.97,"4,421,500",2.87,0.268266051
2/27/2013,0.25861935,400.87,394.08,797.59,"4,067,300",2.88,0.25861935
2/28/2013,0.248946787,401.99,399.02,799.01,"4,548,500",2.89,0.248946787
3/1/2013,0.239249329,402.06,396.59,803.98,"4,367,000",2.9,0.239249329
3/4/2013,0.229527947,409.88,401,819.25,"5,571,900",2.91,0.229527947
3/5/2013,0.219783612,418.51,412.9,836.3,"8,118,400",2.92,0.219783612
3/6/2013,0.210017299,420.42,412.86,829.1,"5,767,400",2.93,0.210017299
3/7/2013,0.200229985,416.75,413.24,830.32,"4,120,700",2.94,0.200229985
3/8/2013,0.190422647,415.9,410.98,829.24,"5,845,600",2.95,0.190422647
3/11/2013,0.180596268,418.28,414.2,832.53,"3,201,200",2.96,0.180596268
3/12/2013,0.170751829,414.39,410.3,825.34,"4,031,600",2.97,0.170751829
3/13/2013,0.160890315,413.79,409.62,823.05,"3,294,800",2.98,0.160890315
3/14/2013,0.151012712,411.95,407.17,819.29,"3,314,700",2.99,0.151012712
3/15/2013,0.141120008,408.62,405.15,812.07,"6,222,500",3,0.141120008
3/18/2013,0.131213192,404.86,399.24,805.58,"3,690,300",3.01,0.131213192
3/19/2013,0.121293255,408.1,401.72,809.1,"4,212,000",3.02,0.121293255
3/20/2013,0.111361189,407.23,404.2,812.48,"2,938,500",3.03,0.111361189
3/21/2013,0.101417986,406.93,403.41,809.04,"2,966,200",3.04,0.101417986
3/22/2013,0.091464642,406.1,403.31,808.09,"2,987,400",3.05,0.091464642
3/25/2013,0.081502152,408.09,401.9,807.42,"3,436,800",3.06,0.081502152
3/26/2013,0.071531511,405.48,402.39,810.2,"2,392,600",3.07,0.071531511
3/27/2013,0.061553717,401.99,399.17,800.46,"4,342,500",3.08,0.061553717
3/28/2013,0.051569768,401.18,395.17,792.02,"4,592,600",3.09,0.051569768
4/1/2013,0.041580662,399.63,395.14,799,"3,628,100",3.1,0.041580662
4/2/2013,0.031587398,405.89,400.5,810.81,"4,098,200",3.11,0.031587398
4/3/2013,0.021590976,405.58,398.84,803.99,"3,489,900",3.12,0.021590976
4/4/2013,0.011592394,401.37,394.17,792.89,"4,913,400",3.13,0.011592394
4/5/2013,0.001592653,392.03,386.75,780.91,"6,893,400",3.14,0.001592653
4/8/2013,-0.008407247,388.32,382.77,772.73,"5,685,300",3.15,-0.008407247
4/9/2013,-0.018406307,390.41,385.11,775.52,"4,330,700",3.16,-0.018406307
4/10/2013,-0.028403526,394.7,386.55,788.02,"3,971,900",3.17,-0.028403526
4/11/2013,-0.038397905,395.07,390.57,788.23,"4,072,500",3.18,-0.038397905
4/12/2013,-0.048388443,394.57,390,787.89,"3,285,500",3.19,-0.048388443
4/15/2013,-0.058374143,397.01,387.06,779.79,"4,924,500",3.2,-0.058374143
4/16/2013,-0.068354006,396.51,390.5,791.2,"3,496,900",3.21,-0.068354006
4/17/2013,-0.078327033,393.94,387.6,780.42,"4,089,100",3.22,-0.078327033
4/18/2013,-0.088292228,391.43,379.21,763.81,"6,669,800",3.23,-0.088292228
4/19/2013,-0.098248594,400.22,381.7,797.68,"11,649,800",3.24,-0.098248594
4/22/2013,-0.108195135,400.48,386.05,797.92,"5,788,300",3.25,-0.108195135
4/23/2013,-0.118130856,406.23,398.69,805.69,"4,601,600",3.26,-0.118130856
4/24/2013,-0.128054764,407.47,402.49,811.22,"3,671,800",3.27,-0.128054764
4/25/2013,-0.137965867,406.71,402.31,806.88,"3,999,200",3.28,-0.137965867
4/26/2013,-0.147863174,402.36,396.8,799.23,"4,993,900",3.29,-0.147863174
4/29/2013,-0.157745694,409.81,400,816.82,"4,618,800",3.3,-0.157745694
4/30/2013,-0.16761244,412.27,407.31,822.31,"4,630,600",3.31,-0.16761244
5/1/2013,-0.177462425,410.82,406.66,818.18,"2,920,800",3.32,-0.177462425
5/2/2013,-0.187294664,415.72,408,827.34,"4,051,600",3.33,-0.187294664
5/3/2013,-0.197108173,421.82,416.44,843.4,"5,044,000",3.34,-0.197108173
5/6/2013,-0.206901972,429.32,422.55,859.19,"4,298,500",3.35,-0.206901972
5/7/2013,-0.21667508,430.32,423.75,854.88,"3,932,600",3.36,-0.21667508
5/8/2013,-0.226426522,435.31,424.86,871.24,"4,955,000",3.37,-0.226426522
5/9/2013,-0.236155321,438.19,432.49,869.09,"4,417,600",3.38,-0.236155321
5/10/2013,-0.245860504,438.63,434.45,877.82,"3,809,500",3.39,-0.245860504
5/13/2013,-0.255541102,439.59,435.06,875.13,"2,907,700",3.4,-0.255541102
5/14/2013,-0.265196146,442.69,436.93,884.67,"3,170,300",3.41,-0.265196146
5/15/2013,-0.27482467,456.48,445.34,913.38,"8,001,600",3.42,-0.27482467
5/16/2013,-0.284425713,458.27,449.32,901.4,"6,443,200",3.43,-0.284425713
5/17/2013,-0.293998312,455.04,448.58,906.69,"5,604,800",3.44,-0.293998312
5/20/2013,-0.303541513,458.58,450.81,906.04,"4,562,300",3.45,-0.303541513
5/21/2013,-0.313054359,454.13,447.13,904.49,"3,980,700",3.46,-0.313054359
5/22/2013,-0.3225359,452.96,441.78,886.98,"5,140,300",3.47,-0.3225359
5/23/2013,-0.331985188,443.32,435.37,880.37,"4,567,200",3.48,-0.331985188
5/24/2013,-0.341401278,437.77,433.88,870.93,"4,610,700",3.49,-0.341401278
5/28/2013,-0.350783228,444.4,438.56,878.86,"4,531,900",3.5,-0.350783228
5/29/2013,-0.360130099,437.36,430.53,865.93,"4,041,800",3.51,-0.360130099
5/30/2013,-0.369440959,437.81,431.59,868.38,"4,257,200",3.52,-0.369440959
5/31/2013,-0.378714874,436.86,432.14,868.83,"3,953,500",3.53,-0.378714874
6/3/2013,-0.387950918,435.35,425.91,865.25,"4,969,900",3.54,-0.387950918
6/4/2013,-0.397148167,433.67,425.44,856.75,"3,751,100",3.55,-0.397148167
6/5/2013,-0.406305702,433.1,426.96,857.35,"4,229,300",3.56,-0.406305702
6/6/2013,-0.415422607,431.55,422.03,862.27,"5,177,400",3.57,-0.415422607
6/7/2013,-0.424497969,438.36,431.04,877.32,"5,369,200",3.58,-0.424497969
6/10/2013,-0.433530883,443.84,438.4,887.78,"4,693,000",3.59,-0.433530883
6/11/2013,-0.442520443,441.84,438.12,877.4,"3,528,300",3.6,-0.442520443
6/12/2013,-0.451465752,441.35,433.2,869.59,"4,426,100",3.61,-0.451465752
6/13/2013,-0.460365915,438.19,431.13,874.6,"4,155,200",3.62,-0.460365915
6/14/2013,-0.469220041,440.7,435.43,872.64,"4,506,700",3.63,-0.469220041
6/17/2013,-0.478027246,443.05,437.5,883.82,"4,308,500",3.64,-0.478027246
6/18/2013,-0.486786649,448.82,442.52,898.15,"4,350,000",3.65,-0.486786649
6/19/2013,-0.495497373,453.72,447.07,898.21,"5,853,600",3.66,-0.495497373
6/20/2013,-0.504158548,448.82,440.01,882.32,"6,769,200",3.67,-0.504158548
6/21/2013,-0.512769307,443.28,434.9,878.52,"7,994,300",3.68,-0.512769307
6/24/2013,-0.52132879,436.52,430.01,867.41,"6,056,300",3.69,-0.52132879
6/25/2013,-0.529836141,438.2,430.64,863.83,"5,125,500",3.7,-0.529836141
6/26/2013,-0.538290508,437.36,433.66,871.26,"3,676,400",3.71,-0.538290508
6/27/2013,-0.546691047,440.69,436.69,874.67,"3,867,300",3.72,-0.546691047
6/28/2013,-0.555036917,439.27,435.46,877.96,"4,716,100",3.73,-0.555036917
7/1/2013,-0.563327284,444.37,440.85,885.45,"3,462,400",3.74,-0.563327284
7/2/2013,-0.571561319,443.84,437,879.89,"3,797,000",3.75,-0.571561319
7/3/2013,-0.579738198,442.92,437.61,884,"2,101,700",3.76,-0.579738198
7/5/2013,-0.587857103,446.03,442.01,891.04,"3,416,500",3.77,-0.587857103
7/8/2013,-0.595917224,451.44,446.87,902.61,"3,953,700",3.78,-0.595917224
7/9/2013,-0.603917753,454.77,447.31,902.76,"3,973,500",3.79,-0.603917753
7/10/2013,-0.611857891,453.87,448.51,903.51,"3,429,500",3.8,-0.611857891
7/11/2013,-0.619736844,458.69,452.56,917.72,"5,187,700",3.81,-0.619736844
7/12/2013,-0.627553823,459.78,455.91,920.47,"5,155,600",3.82,-0.627553823
7/15/2013,-0.635308048,462.27,456.47,922.16,"3,935,600",3.83,-0.635308048
7/16/2013,-0.642998742,462.25,455.24,917.09,"3,980,700",3.84,-0.642998742
7/17/2013,-0.650625137,461.7,456.44,916.04,"3,023,400",3.85,-0.650625137
7/18/2013,-0.65818647,458.28,449.91,908.19,"7,296,100",3.86,-0.65818647
7/19/2013,-0.665681985,449.79,436.17,894.15,"14,773,700",3.87,-0.665681985
7/22/2013,-0.673110932,454.63,446.83,908.21,"5,828,100",3.88,-0.673110932
7/23/2013,-0.680472569,454.8,448.11,901.33,"4,106,600",3.89,-0.680472569
7/24/2013,-0.687766159,453.45,448.67,900.43,"4,172,500",3.9,-0.687766159
7/25/2013,-0.694990973,446.75,441.39,885.27,"6,024,600",3.91,-0.694990973
7/26/2013,-0.702146289,443.33,439.35,882.93,"3,568,600",3.92,-0.702146289
7/29/2013,-0.70923139,445.74,438.8,879.85,"3,797,800",3.93,-0.70923139
7/30/2013,-0.716245569,446.13,438.79,888.48,"3,524,300",3.94,-0.716245569
7/31/2013,-0.723188124,446.58,441.44,885.32,"4,363,200",3.95,-0.723188124
8/1/2013,-0.730058361,450.59,445.83,901.74,"4,292,700",3.96,-0.730058361
8/2/2013,-0.736855592,451.81,448.73,904.09,"3,440,600",3.97,-0.736855592
8/5/2013,-0.743579139,451.07,447.92,902.52,"2,629,100",3.98,-0.743579139
8/6/2013,-0.750228328,453.16,446.19,894.12,"3,023,400",3.99,-0.750228328
8/7/2013,-0.756802495,447.55,442.88,888.21,"2,768,600",4,-0.756802495
8/8/2013,-0.763300983,446.25,440.99,890.22,"2,987,000",4.01,-0.763300983
8/9/2013,-0.769723141,446.09,443.34,887.97,"2,657,200",4.02,-0.769723141
8/12/2013,-0.776068327,441.84,439.18,883.09,"2,764,200",4.03,-0.776068327
8/13/2013,-0.782335907,442.59,436.46,878.84,"2,850,200",4.04,-0.782335907
8/14/2013,-0.788525254,438.47,431.96,867.43,"4,179,900",4.05,-0.788525254
8/15/2013,-0.79463575,430.85,427.4,857.31,"3,752,300",4.06,-0.79463575
8/16/2013,-0.800666782,429.61,426.67,854.56,"3,362,700",4.07,-0.800666782
8/19/2013,-0.806617749,434.37,427.12,863.28,"3,635,300",4.08,-0.806617749
8/20/2013,-0.812488054,434.43,430.16,863.05,"2,475,100",4.09,-0.812488054
8/21/2013,-0.818277111,436.82,431.63,866.95,"3,527,700",4.1,-0.818277111
8/22/2013,-0.823984341,435.74,433.5,871.32,"1,746,200",4.11,-0.823984341
8/23/2013,-0.829609174,437.36,433.25,867.83,"2,162,200",4.12,-0.829609174
8/26/2013,-0.835151046,435.82,431.41,864.02,"2,112,800",4.13,-0.835151046
8/27/2013,-0.840609404,430.25,422.37,847.82,"3,481,100",4.14,-0.840609404
8/28/2013,-0.845983701,426.11,422.3,846.23,"2,669,700",4.15,-0.845983701
8/29/2013,-0.851273401,428.58,422.71,853.09,"2,968,000",4.16,-0.851273401
8/30/2013,-0.856477974,427.42,421.2,844.58,"3,737,100",4.17,-0.856477974
9/3/2013,-0.8615969,431.48,425.38,858.02,"4,110,400",4.18,-0.8615969
9/4/2013,-0.866629667,435.12,425.99,869.24,"4,097,600",4.19,-0.866629667
9/5/2013,-0.871575772,438.3,434.18,877.15,"2,592,100",4.2,-0.871575772
9/6/2013,-0.87643472,440.24,435.24,877.17,"3,134,800",4.21,-0.87643472
9/9/2013,-0.881206026,443.21,439.56,885.62,"2,478,300",4.22,-0.881206026
9/10/2013,-0.885889211,444.33,440.35,886.24,"2,584,700",4.23,-0.885889211
9/11/2013,-0.890483809,446.81,441.39,893.74,"3,233,200",4.24,-0.890483809
9/12/2013,-0.894989358,447.27,443.34,890.61,"2,199,100",4.25,-0.894989358
9/13/2013,-0.89940541,446.17,440.77,886.64,"2,660,600",4.26,-0.89940541
9/16/2013,-0.903731521,446.83,440.78,885.33,"2,682,900",4.27,-0.903731521
9/17/2013,-0.907967261,442.54,438.86,883.68,"2,528,200",4.28,-0.907967261
9/18/2013,-0.912112204,450.3,439.89,900.85,"3,883,800",4.29,-0.912112204
9/19/2013,-0.916165937,451.3,446.03,895.93,"3,207,600",4.3,-0.916165937
9/20/2013,-0.920128054,450.38,446.14,900.64,"8,723,000",4.31,-0.920128054
9/23/2013,-0.923998159,449.11,440.95,884.07,"3,568,000",4.32,-0.923998159
9/24/2013,-0.927775865,443.39,439.05,884.41,"2,984,600",4.33,-0.927775865
9/25/2013,-0.931460794,441.62,436.17,874.83,"3,310,200",4.34,-0.931460794
9/26/2013,-0.935052578,439.73,435.87,875.77,"2,529,200",4.35,-0.935052578
9/27/2013,-0.938550857,437.12,434.03,873.99,"2,527,000",4.36,-0.938550857
9/30/2013,-0.941955282,438.78,432.53,873.51,"3,457,600",4.37,-0.941955282
10/1/2013,-0.945265512,442.18,438.38,884.57,"3,382,100",4.38,-0.945265512
10/2/2013,-0.948481217,443.02,437.27,885.56,"3,001,700",4.39,-0.948481217
10/3/2013,-0.951602074,445.38,434.42,873.69,"4,249,800",4.4,-0.951602074
10/4/2013,-0.954627772,437.12,433.38,869.96,"2,726,100",4.41,-0.954627772
10/7/2013,-0.957558007,435.36,430.44,863.37,"2,596,800",4.42,-0.957558007
10/8/2013,-0.960392488,431.37,424.22,851.33,"3,901,800",4.43,-0.960392488
10/9/2013,-0.963130931,429.71,419.92,853.52,"5,322,400",4.44,-0.963130931
10/10/2013,-0.965773061,432.79,428.5,865.86,"4,527,400",4.45,-0.965773061
10/11/2013,-0.968318614,435.11,431.03,869.6,"2,828,300",4.46,-0.968318614
10/14/2013,-0.970767337,436.49,431.08,873.71,"2,496,400",4.47,-0.970767337
10/15/2013,-0.973118983,441.16,435.37,879.6,"3,195,600",4.48,-0.973118983
10/16/2013,-0.975373319,447.49,440.35,895.57,"4,030,200",4.49,-0.975373319
10/17/2013,-0.977530118,446.78,441.21,886.36,"8,545,000",4.5,-0.977530118
10/18/2013,-0.979589164,505.83,485.18,"1,008.64","23,219,400",4.51,-0.979589164
10/21/2013,-0.981550253,507.6,497.91,"1,000.55","7,283,700",4.52,-0.981550253
10/22/2013,-0.983413188,504.61,496.04,"1,004.24","4,433,700",4.53,-0.983413188
10/23/2013,-0.985177782,515.44,498.45,"1,028.59","5,346,300",4.54,-0.985177782
10/24/2013,-0.986843859,518.34,510.49,"1,022.74","4,199,700",4.55,-0.986843859
10/25/2013,-0.988411252,512.49,503.48,"1,012.42","4,076,100",4.56,-0.988411252
10/28/2013,-0.989879805,509.8,504.6,"1,012.22","2,326,000",4.57,-0.989879805
10/29/2013,-0.991249371,516.53,504.86,"1,033.40","3,222,000",4.58,-0.991249371
10/30/2013,-0.992519813,516.82,511.08,"1,027.60","2,658,000",4.59,-0.992519813
10/31/2013,-0.993691004,518.82,510.07,"1,027.76","3,292,200",4.6,-0.993691004
11/1/2013,-0.994762826,516.07,510.64,"1,024.23","2,576,100",4.61,-0.994762826
11/4/2013,-0.995735173,514.26,509.11,"1,023.30","2,286,000",4.62,-0.995735173
11/5/2013,-0.996607947,513.9,506.81,"1,018.72","2,371,500",4.63,-0.996607947
11/6/2013,-0.997381062,511.58,505.79,"1,019.95","1,832,600",4.64,-0.997381062
11/7/2013,-0.998054439,510.05,501.94,"1,005.19","3,371,700",4.65,-0.998054439
11/8/2013,-0.998628011,507.35,502.37,"1,013.25","2,591,100",4.66,-0.998628011
11/11/2013,-0.999101722,506.07,502.12,"1,007.82","2,233,500",4.67,-0.999101722
11/12/2013,-0.999475523,506.88,500.62,"1,009.01","2,445,200",4.68,-0.999475523
11/13/2013,-0.999749377,514.5,501.37,"1,029.64","3,170,500",4.69,-0.999749377
11/14/2013,-0.999923258,517.93,513.25,"1,032.40","2,342,100",4.7,-0.999923258
11/15/2013,-0.999997146,517.06,513.23,"1,030.73","2,562,100",4.71,-0.999997146
11/18/2013,-0.999971036,522.41,512.7,"1,028.73","3,532,500",4.72,-0.999971036
11/19/2013,-0.99984493,515.44,509.61,"1,022.39","2,271,600",4.73,-0.99984493
11/20/2013,-0.99961884,514.75,508.27,"1,019.51","1,934,500",4.74,-0.99961884
11/21/2013,-0.999292789,517.22,511.08,"1,031.24","2,191,700",4.75,-0.999292789
11/22/2013,-0.998866809,516.15,512.69,"1,029.06","2,517,700",4.76,-0.998866809
11/25/2013,-0.998340944,524.63,515.58,"1,043.07","3,238,000",4.77,-0.998340944
11/26/2013,-0.997715246,528.77,519.52,"1,055.51","4,589,600",4.78,-0.997715246
11/27/2013,-0.996989776,532.01,528.02,"1,060.20","2,255,500",4.79,-0.996989776
11/29/2013,-0.996164609,531.32,527.75,"1,056.69","2,394,400",4.8,-0.996164609
12/2/2013,-0.995239826,531.18,523.42,"1,051.59","2,756,600",4.81,-0.995239826
12/3/2013,-0.99421552,529.73,522.55,"1,050.38","3,364,700",4.82,-0.99421552
12/4/2013,-0.993091793,530,523.04,"1,055.28","2,392,000",4.83,-0.993091793
12/5/2013,-0.991868757,527.85,523.58,"1,054.45","2,275,800",4.84,-0.991868757
12/6/2013,-0.990546536,533,528.06,"1,066.94","2,868,200",4.85,-0.990546536
12/9/2013,-0.989125261,539.13,532.02,"1,075.19","2,976,200",4.86,-0.989125261
12/10/2013,-0.987605074,544.12,535.82,"1,081.69","3,721,600",4.87,-0.987605074
12/11/2013,-0.985986127,543.62,535.58,"1,074.34","3,436,400",4.88,-0.985986127
12/12/2013,-0.984268583,539.45,532.5,"1,067.03","3,204,800",4.89,-0.984268583
12/13/2013,-0.982452613,536.14,526.97,"1,057.89","4,340,900",4.9,-0.982452613
12/16/2013,-0.980538398,535.34,529.02,"1,070.04","3,216,000",4.91,-0.980538398
12/17/2013,-0.97852613,538.36,532.2,"1,066.93","3,082,800",4.92,-0.97852613
12/18/2013,-0.97641601,540.45,527.54,"1,081.78","4,437,100",4.93,-0.97641601
12/19/2013,-0.97420825,543.96,537.53,"1,083.25","3,343,800",4.94,-0.97420825
12/20/2013,-0.971903069,548.53,541.97,"1,097.61","6,547,600",4.95,-0.971903069
12/23/2013,-0.969500699,555.82,550.5,"1,112.05","3,456,000",4.96,-0.969500699
12/24/2013,-0.96700138,555.54,551.98,"1,108.80","1,473,800",4.97,-0.96700138
12/26/2013,-0.964405362,557.41,552.27,"1,114.40","2,685,500",4.98,-0.964405362
12/27/2013,-0.961712903,558.05,554.39,"1,115.34","3,151,100",4.99,-0.961712903
12/30/2013,-0.958924275,558.16,552.44,"1,106.42","2,481,300",5,-0.958924275
12/31/2013,-0.956039754,558.41,551.06,"1,117.64","2,725,900",5.01,-0.956039754
1/2/2014,-0.953059631,556.79,552.06,"1,110.07","3,656,400",5.02,-0.953059631
1/3/2014,-0.949984202,556.38,550.4,"1,101.97","3,345,800",5.03,-0.949984202
1/6/2014,-0.946813776,557.34,551.15,"1,114.26","3,551,800",5.04,-0.946813776
1/7/2014,-0.943548669,567.72,558.49,"1,135.74","5,124,300",5.05,-0.943548669
1/8/2014,-0.940189208,571.52,564.53,"1,138.11","4,501,700",5.06,-0.940189208
1/9/2014,-0.936735728,569.97,560.68,"1,127.15","4,184,500",5.07,-0.936735728
1/10/2014,-0.933188576,567.41,559.03,"1,127.09","4,302,900",5.08,-0.933188576
1/13/2014,-0.929548106,571.31,556.5,"1,119.91","4,855,800",5.09,-0.929548106
1/14/2014,-0.925814682,573.35,561.94,"1,146.25","4,983,700",5.1,-0.925814682
1/15/2014,-0.921988678,575.34,569.76,"1,145.48","3,915,000",5.11,-0.921988678
1/16/2014,-0.918070475,576.8,571.86,"1,153.05","3,380,300",5.12,-0.918070475
1/17/2014,-0.914060466,578.15,569.96,"1,147.38","5,422,800",5.13,-0.914060466
1/21/2014,-0.909959051,579.83,573.5,"1,160.51","3,974,500",5.14,-0.909959051
1/22/2014,-0.905766641,581.76,577.27,"1,161.83","3,154,500",5.15,-0.905766641
1/23/2014,-0.901483656,579.07,575.03,"1,156.92","3,912,700",5.16,-0.901483656
1/24/2014,-0.897110523,574.62,559.4,"1,120.75","7,814,000",5.17,-0.897110523
1/27/2014,-0.892647679,561.15,539.11,"1,098.21","8,739,800",5.18,-0.892647679
1/28/2014,-0.888095572,560.77,552.9,"1,119.94","4,436,900",5.19,-0.888095572
1/29/2014,-0.883454656,558.78,547.66,"1,103.89","4,777,500",5.2,-0.883454656
1/30/2014,-0.878725395,574.09,561.52,"1,132.28","10,220,800",5.21,-0.878725395
1/31/2014,-0.873908262,591.05,573.42,"1,177.74","11,174,200",5.22,-0.873908262
2/3/2014,-0.869003739,588.65,563.89,"1,130.33","9,172,400",5.23,-0.869003739
2/4/2014,-0.864012316,575.34,566.38,"1,135.04","5,644,800",5.24,-0.864012316
2/5/2014,-0.858934493,573.24,561.9,"1,140.07","4,806,800",5.25,-0.858934493
2/6/2014,-0.853770778,577.91,571.63,"1,156.78","3,907,600",5.26,-0.853770778
2/7/2014,-0.848521685,586.75,578.11,"1,174.22","5,292,000",5.27,-0.848521685
2/10/2014,-0.843187742,588.99,582.33,"1,169.72","3,904,800",5.28,-0.843187742
2/11/2014,-0.83776948,593.71,583.92,"1,186.92","4,116,900",5.29,-0.83776948
2/12/2014,-0.832267442,592.78,588.48,"1,183.44","3,461,800",5.3,-0.832267442
2/13/2014,-0.826682178,597.71,587.63,"1,196.61","3,686,400",5.31,-0.826682178
2/14/2014,-0.821014247,599.95,594.17,"1,199.51","4,389,700",5.32,-0.821014247
2/18/2014,-0.815264214,604.17,597.76,"1,207.56","4,233,500",5.33,-0.815264214
2/19/2014,-0.809432656,602.35,596.51,"1,199.05","4,222,900",5.34,-0.809432656
2/20/2014,-0.803520156,601.19,597.87,"1,200.81","3,414,300",5.35,-0.803520156
2/21/2014,-0.797527304,602.68,599.17,"1,200.49","3,738,500",5.36,-0.797527304
2/24/2014,-0.7914547,607.8,600.3,"1,209.19","3,361,100",5.37,-0.7914547
2/25/2014,-0.785302951,609.96,602.95,"1,216.66","2,888,100",5.38,-0.785302951
2/26/2014,-0.779072673,612.15,604.61,"1,216.83","3,979,100",5.39,-0.779072673
2/27/2014,-0.772764488,609.83,606.23,"1,215.87","2,529,400",5.4,-0.772764488
2/28/2014,-0.766379027,609.81,600.86,"1,212.32","4,644,500",5.41,-0.766379027
3/3/2014,-0.759916929,601.66,593.84,"1,199.40","4,225,300",5.42,-0.759916929
3/4/2014,-0.753378839,605.73,602.49,"1,211.58","2,946,300",5.43,-0.753378839
3/5/2014,-0.746765413,609.26,603.44,"1,214.92","2,479,700",5.44,-0.746765413
3/6/2014,-0.74007731,610.79,607.02,"1,216.27","2,545,600",5.45,-0.74007731
3/7/2014,-0.733315201,611.2,603.46,"1,211.46","3,041,500",5.46,-0.733315201
3/10/2014,-0.726479761,606.55,599.8,"1,208.25","2,438,200",5.47,-0.726479761
3/11/2014,-0.719571673,604.89,596.09,"1,196.70","3,438,800",5.48,-0.719571673
3/12/2014,-0.712591628,601.67,589.88,"1,203.99","3,943,200",5.49,-0.712591628
3/13/2014,-0.705540326,602.99,590.17,"1,185.80","4,708,600",5.5,-0.705540326
3/14/2014,-0.698418469,593.21,584.08,"1,169.59","4,604,900",5.51,-0.698418469
3/17/2014,-0.691226772,596.3,586.86,"1,188.84","4,340,300",5.52,-0.691226772
3/18/2014,-0.683965952,603.5,594.3,"1,207.94","3,643,500",5.53,-0.683965952
3/19/2014,-0.676636736,603.73,594.97,"1,195.97","3,237,800",5.54,-0.676636736
3/20/2014,-0.669239857,602.55,595.45,"1,193.88","3,381,900",5.55,-0.669239857
3/21/2014,-0.661776055,602.56,589.02,"1,179.80","6,441,000",5.56,-0.661776055
3/24/2014,-0.654246076,590.24,570.84,"1,154.76","6,096,800",5.57,-0.654246076
3/25/2014,-0.646650672,582.74,571.36,"1,155.55","4,838,400",5.58,-0.646650672
3/26/2014,-0.638990604,583.6,563.64,"1,128.87","5,179,200",5.59,-0.638990604
3/27/2014,-0.631266638,566.44,551.41,556.93,"13,100",5.6,-0.631266638
3/28/2014,-0.623479545,564.88,557.14,558.46,"41,200",5.61,-0.623479545
3/31/2014,-0.615630105,565.45,555.41,555.45,"10,800",5.62,-0.615630105
4/1/2014,-0.607719103,566.89,557.18,565.61,"7,900",5.63,-0.607719103
4/2/2014,-0.599747329,603.17,560.65,565.45,"147,100",5.64,-0.599747329
4/3/2014,-0.591715581,585.67,562.59,568.18,"5,099,100",5.65,-0.591715581
4/4/2014,-0.583624661,576.19,541.51,541.65,"6,369,300",5.66,-0.583624661
4/7/2014,-0.57547538,546.98,525.71,536.68,"4,401,600",5.67,-0.57547538
4/8/2014,-0.567268552,553.48,540.13,553.38,"3,151,200",5.68,-0.567268552
4/9/2014,-0.559004997,563.82,551.44,562.6,"3,330,800",5.69,-0.559004997
4/10/2014,-0.550685543,563.45,538.42,539.47,"4,036,800",5.7,-0.550685543
4/11/2014,-0.54231102,538.52,525.09,529.15,"3,924,800",5.71,-0.54231102
4/14/2014,-0.533882266,542.61,528.11,531.06,"2,575,000",5.72,-0.533882266
4/15/2014,-0.525400125,536.98,517.04,534.97,"3,855,000",5.73,-0.525400125
4/16/2014,-0.516865444,555.47,538.52,555.02,"4,893,200",5.74,-0.516865444
4/17/2014,-0.508279077,548,529.7,534.63,"6,809,500",5.75,-0.508279077
4/21/2014,-0.499641883,535.23,524.16,527.17,"2,566,700",5.76,-0.499641883
4/22/2014,-0.490954725,535.76,526.07,533.35,"2,365,300",5.77,-0.490954725
4/23/2014,-0.482218472,532.41,524.81,525.5,"2,052,300",5.78,-0.482218472
4/24/2014,-0.473433997,530.19,520.69,523.72,"1,883,100",5.79,-0.473433997
4/25/2014,-0.464602179,523.26,514.01,514.77,"2,100,300",5.8,-0.464602179
4/28/2014,-0.455723902,517.18,501.42,515.73,"3,335,500",5.81,-0.455723902
4/29/2014,-0.446800052,528.01,514.91,526.26,"2,699,000",5.82,-0.446800052
4/30/2014,-0.437831523,526.55,521.09,525.22,"1,751,100",5.83,-0.437831523
5/1/2014,-0.428819211,531.47,522.45,529.9,"1,905,500",5.84,-0.428819211
5/2/2014,-0.419764018,532.54,524.17,526.48,"1,688,500",5.85,-0.419764018
5/5/2014,-0.410666848,527.45,519.89,526.36,"1,024,100",5.86,-0.410666848
5/6/2014,-0.401528612,525.37,513.65,513.73,"1,689,000",5.87,-0.401528612
5/7/2014,-0.392350224,515.27,501.92,508.56,"3,224,300",5.88,-0.392350224
5/8/2014,-0.383132601,515.81,505.06,509.6,"2,021,300",5.89,-0.383132601
5/9/2014,-0.373876665,518.48,502.82,517.31,"2,439,400",5.9,-0.373876665
5/12/2014,-0.364583341,528.74,517.59,528.47,"1,912,500",5.91,-0.364583341
5/13/2014,-0.35525356,534.6,528.06,531.63,"1,653,400",5.92,-0.35525356
5/14/2014,-0.345888253,531.54,523.85,525.21,"1,191,700",5.93,-0.345888253
5/15/2014,-0.336488358,524.43,516,518.56,"1,704,300",5.94,-0.336488358
5/16/2014,-0.327054815,520.37,514.03,519.2,"1,485,200",5.95,-0.327054815
5/19/2014,-0.317588566,528.33,516.17,527.41,"1,277,700",5.96,-0.317588566
5/20/2014,-0.308090559,534.76,524.86,528.32,"1,784,700",5.97,-0.308090559
5/21/2014,-0.298561742,537.71,530.45,537.46,"1,196,200",5.98,-0.298561742
5/22/2014,-0.28900307,546.1,539.3,543.57,"1,615,800",5.99,-0.28900307
5/23/2014,-0.279415498,552.12,542.21,551.19,"1,932,100",6,-0.279415498
5/27/2014,-0.269799985,564.45,552.83,564.4,"2,104,100",6.01,-0.269799985
5/28/2014,-0.260157491,566.29,559.46,560.14,"1,652,000",6.02,-0.260157491
5/29/2014,-0.250488983,562.46,557.18,558.55,"1,354,100",6.03,-0.250488983
5/30/2014,-0.240795425,559.81,554.39,558.36,"1,771,100",6.04,-0.240795425
6/2/2014,-0.231077788,559.36,544.24,552.41,"1,435,000",6.05,-0.231077788
6/3/2014,-0.221337044,550.83,541.06,543.45,"1,866,600",6.06,-0.221337044
6/4/2014,-0.211574166,547.11,537.27,543.17,"1,816,400",6.07,-0.211574166
6/5/2014,-0.201790131,553.43,542.96,552.38,"1,689,100",6.08,-0.201790131
6/6/2014,-0.191985917,556.53,547.43,554.81,"1,736,700",6.09,-0.191985917
6/9/2014,-0.182162504,561.36,554.52,560.58,"1,467,500",6.1,-0.182162504
6/10/2014,-0.172320876,562.06,556.37,559.02,"1,351,700",6.11,-0.172320876
6/11/2014,-0.162462015,558.35,553.5,557.31,"1,100,100",6.12,-0.162462015
6/12/2014,-0.152586909,556.46,546.96,549.84,"1,458,400",6.13,-0.152586909
6/13/2014,-0.142696544,550.79,544.07,550.25,"1,220,500",6.14,-0.142696544
6/16/2014,-0.132791909,548.12,540.04,542.79,"1,702,500",6.15,-0.132791909
6/17/2014,-0.122873995,543.83,537.85,541.52,"1,444,500",6.16,-0.122873995
6/18/2014,-0.112943794,552.04,542.51,551.85,"1,741,700",6.17,-0.112943794
6/19/2014,-0.103002299,553.48,547.01,553.38,"2,456,800",6.18,-0.103002299
6/20/2014,-0.093050503,556.05,548.89,554.84,"4,508,300",6.19,-0.093050503
6/23/2014,-0.083089403,563.45,552.73,563.4,"1,536,800",6.2,-0.083089403
6/24/2014,-0.073119994,571.08,559.47,563.07,"2,207,100",6.21,-0.073119994
6/25/2014,-0.063143272,578.37,563.67,577.07,"1,969,300",6.22,-0.063143272
6/26/2014,-0.053160237,580.86,570.28,574.42,"1,741,900",6.23,-0.053160237
6/27/2014,-0.043171885,578.28,572.23,575.66,"2,236,900",6.24,-0.043171885
6/30/2014,-0.033179217,577.98,573.18,573.7,"1,313,700",6.25,-0.033179217
7/1/2014,-0.02318323,582.8,575.07,581.07,"1,447,900",6.26,-0.02318323
7/2/2014,-0.013184925,583.84,578.8,580.74,"1,056,300",6.27,-0.013184925
7/3/2014,-0.003185302,583.41,579.33,583.13,"714,100",6.28,-0.003185302
7/7/2014,0.00681464,584.82,578,580.66,"1,064,600",6.29,0.00681464
7/8/2014,0.0168139,577.94,564.58,569.53,"1,909,500",6.3,0.0168139
7/9/2014,0.02681148,575.14,567.82,574.5,"1,116,700",6.31,0.02681148
7/10/2014,0.036806377,575.01,563.46,569.54,"1,356,700",6.32,0.036806377
7/11/2014,0.046797595,579.26,569.86,577.59,"1,621,700",6.33,0.046797595
7/14/2014,0.056784132,583.61,576.45,583.27,"1,854,000",6.34,0.056784132
7/15/2014,0.066764992,584.2,574.98,583.18,"1,623,000",6.35,0.066764992
7/16/2014,0.076739174,586.79,580.61,581.06,"1,397,100",6.36,0.076739174
7/17/2014,0.086705683,579.4,567.05,572.16,"3,016,500",6.37,0.086705683
7/18/2014,0.096663522,595.17,580.41,593.45,"4,014,100",6.38,0.096663522
7/21/2014,0.106611694,592.77,583.63,587.86,"2,062,100",6.39,0.106611694
7/22/2014,0.116549205,598.01,588.98,593.11,"1,699,100",6.4,0.116549205
7/23/2014,0.126475061,596.21,590.88,594.35,"1,233,100",6.41,0.126475061
7/24/2014,0.13638827,597.86,590.15,591.73,"1,035,100",6.42,0.13638827
7/25/2014,0.14628784,590.24,585.42,587.41,"932,400",6.43,0.14628784
7/28/2014,0.156172782,590.88,583.15,588.98,"986,800",6.44,0.156172782
7/29/2014,0.166042106,588.09,581.92,584.01,"1,349,800",6.45,0.166042106
7/30/2014,0.175894826,587.89,582.4,585.81,"1,016,400",6.46,0.175894826
7/31/2014,0.185729957,582.05,568.44,570.03,"2,102,700",6.47,0.185729957
8/1/2014,0.195546515,574.38,561.31,564.52,"1,955,200",6.48,0.195546515
8/4/2014,0.205343519,573.77,562.56,571.58,"1,427,300",6.49,0.205343519
8/5/2014,0.215119988,570.41,561.07,563.52,"1,551,200",6.5,0.215119988
8/6/2014,0.224874946,569.14,558.47,564.82,"1,334,300",6.51,0.224874946
8/7/2014,0.234607416,568.33,559.56,561.82,"1,110,900",6.52,0.234607416
8/8/2014,0.244316426,568.69,558.82,567.21,"1,494,700",6.53,0.244316426
8/11/2014,0.254001004,568.93,564.45,566.33,"1,214,700",6.54,0.254001004
8/12/2014,0.263660182,564.35,559.34,561.19,"1,542,000",6.55,0.263660182
8/13/2014,0.273292995,573.43,564.2,573.21,"1,439,200",6.56,0.273292995
8/14/2014,0.282898479,576.32,569.32,573.08,"985,400",6.57,0.282898479
8/15/2014,0.292475672,577.79,568.96,571.91,"1,519,100",6.58,0.292475672
8/18/2014,0.302023619,582.91,574.42,580.57,"1,284,100",6.59,0.302023619
8/19/2014,0.311541364,585.73,582.4,585.25,"978,600",6.6,0.311541364
8/20/2014,0.321027954,585.09,580.97,582.89,"1,036,700",6.61,0.321027954
8/21/2014,0.330482442,582.9,579.55,581.77,"914,800",6.62,0.330482442
8/22/2014,0.339903882,583.63,579.05,580.96,"789,000",6.63,0.339903882
8/25/2014,0.349291332,583.4,577.41,578.61,"1,361,400",6.64,0.349291332
8/26/2014,0.358643853,580.21,575,576.28,"1,639,600",6.65,0.358643853
8/27/2014,0.367960511,576.91,568.54,569.44,"1,703,300",6.66,0.367960511
8/28/2014,0.377240372,571.68,565.55,567.64,"1,292,900",6.67,0.377240372
8/29/2014,0.38648251,570.47,565.52,570.03,"1,083,700",6.68,0.38648251
9/2/2014,0.395685999,576.25,569.63,575.75,"1,578,400",6.69,0.395685999
9/3/2014,0.404849921,581.39,573.43,576.36,"1,215,100",6.7,0.404849921
9/4/2014,0.413973357,584.4,577.63,580.39,"1,458,100",6.71,0.413973357
9/5/2014,0.423055397,584.94,580.36,584.48,"1,632,300",6.72,0.423055397
9/8/2014,0.432095132,590.15,584.69,588.11,"1,431,000",6.73,0.432095132
9/9/2014,0.441091657,587.39,578.41,579.42,"1,287,200",6.74,0.441091657
9/10/2014,0.450044074,581.9,575.36,581.5,"977,300",6.75,0.450044074
9/11/2014,0.458951486,580.22,574.68,579.76,"1,221,000",6.76,0.458951486
9/12/2014,0.467813004,580.05,572.89,574.04,"1,601,600",6.77,0.467813004
9/15/2014,0.476627741,573.38,566.65,571.53,"1,597,500",6.78,0.476627741
9/16/2014,0.485394816,579.91,571.09,578.36,"1,480,300",6.79,0.485394816
9/17/2014,0.494113351,585.91,577.19,583.17,"1,692,800",6.8,0.494113351
9/18/2014,0.502782476,587.93,583.4,587.66,"1,444,500",6.81,0.502782476
9/19/2014,0.511401322,594.85,587.89,594.45,"3,736,600",6.82,0.511401322
9/22/2014,0.519969029,592.32,581.86,585.76,"1,689,500",6.83,0.519969029
9/23/2014,0.52848474,585.24,579.41,579.54,"1,471,400",6.84,0.52848474
9/24/2014,0.536947602,588.02,578.93,586.38,"1,728,100",6.85,0.536947602
9/25/2014,0.545356771,586.37,572.61,573.49,"1,925,900",6.86,0.545356771
9/26/2014,0.553711404,577.66,573.09,575.52,"1,443,600",6.87,0.553711404
9/29/2014,0.562010666,576.61,569.61,574.78,"1,282,400",6.88,0.562010666
9/30/2014,0.570253728,578.26,571.28,575.78,"1,621,700",6.89,0.570253728
10/1/2014,0.578439764,576,565.46,566.71,"1,445,400",6.9,0.578439764
10/2/2014,0.586567958,570.34,561.78,568.52,"1,178,400",6.91,0.586567958
10/3/2014,0.594637495,575.64,570.93,573.7,"1,141,700",6.92,0.594637495
10/6/2014,0.602647568,579.41,572.87,575.77,"1,214,600",6.93,0.602647568
10/7/2014,0.610597378,573.69,562.2,562.2,"1,911,300",6.94,0.610597378
10/8/2014,0.618486128,572.31,555.96,570.93,"1,990,800",6.95,0.618486128
10/9/2014,0.62631303,569.93,557.53,559.34,"2,524,800",6.96,0.62631303
10/10/2014,0.634077302,563.58,542.56,543,"3,081,900",6.97,0.634077302
10/13/2014,0.641778166,548,531.64,531.75,"2,581,600",6.98,0.641778166
10/14/2014,0.649414853,545.69,531.71,536.47,"2,222,500",6.99,0.649414853
10/15/2014,0.656986599,531.34,516.88,528.58,"3,719,300",7,0.656986599
10/16/2014,0.664492647,527.98,513.59,523.07,"3,708,500",7.01,0.664492647
10/17/2014,0.671932246,529.53,507.14,509.77,"5,539,300",7.02,0.671932246
10/20/2014,0.679304652,520.33,506.71,519.41,"2,607,500",7.03,0.679304652
10/21/2014,0.686609129,525.35,517.69,525.1,"2,336,200",7.04,0.686609129
10/22/2014,0.693844945,538.32,527.35,531.25,"2,919,200",7.05,0.693844945
10/23/2014,0.701011377,545.72,534.38,542.49,"2,348,800",7.06,0.701011377
10/24/2014,0.708107709,543.39,534.32,538.3,"1,973,100",7.07,0.708107709
10/27/2014,0.715133231,542.92,535.56,539.29,"1,185,300",7.08,0.715133231
10/28/2014,0.722087239,547.48,540.14,547.4,"1,270,900",7.09,0.722087239
10/29/2014,0.72896904,552.67,545.48,547.83,"1,770,500",7.1,0.72896904
10/30/2014,0.735777945,551.29,542.02,548.8,"1,455,600",7.11,0.735777945
10/31/2014,0.742513272,558.04,553.23,557.55,"2,035,000",7.12,0.742513272
11/3/2014,0.749174348,556.37,551.72,553.7,"1,382,200",7.13,0.749174348
11/4/2014,0.755760508,553.98,547.8,552.59,"1,244,200",7.14,0.755760508
11/5/2014,0.762271092,555.28,542.56,544.43,"2,032,200",7.15,0.762271092
11/6/2014,0.76870545,545.39,539.49,540.56,"1,333,200",7.16,0.76870545
11/7/2014,0.775062938,544.71,537.2,539.53,"1,633,700",7.17,0.775062938
11/10/2014,0.78134292,548.09,539.54,545.99,"1,134,600",7.18,0.78134292
11/11/2014,0.787544769,550.43,544.8,548.78,"965,500",7.19,0.787544769
11/12/2014,0.793667864,548.95,543.68,545.81,"1,129,600",7.2,0.793667864
11/13/2014,0.799711593,548.29,541.99,543.89,"1,339,300",7.21,0.799711593
11/14/2014,0.805675351,545.18,540.67,542.91,"1,289,500",7.22,0.805675351
11/17/2014,0.811558542,542.3,532.6,535.04,"1,726,000",7.23,0.811558542
11/18/2014,0.817360578,540.46,532.71,533.57,"1,962,600",7.24,0.817360578
11/19/2014,0.823080879,536.77,528.63,535.52,"1,392,200",7.25,0.823080879
11/20/2014,0.828718872,533.64,529.63,533.37,"1,563,300",7.26,0.828718872
11/21/2014,0.834273995,540.66,535.09,536.03,"2,224,200",7.27,0.834273995
11/24/2014,0.83974569,541.21,534.15,537.79,"1,706,300",7.28,0.83974569
11/25/2014,0.845133412,542.49,537.13,539.6,"1,789,900",7.29,0.845133412
11/26/2014,0.850436621,540.07,535.57,538.89,"1,522,900",7.3,0.850436621
11/28/2014,0.855654787,540.52,535.13,540.35,"1,148,300",7.31,0.855654787
12/1/2014,0.860787388,539.93,530.4,532.34,"2,115,300",7.32,0.860787388
12/2/2014,0.865833911,534.03,528.35,532.29,"1,526,600",7.33,0.865833911
12/3/2014,0.870793852,534.53,527.81,529.87,"1,277,900",7.34,0.870793852
12/4/2014,0.875666714,535.87,527.14,535.84,"1,392,100",7.35,0.875666714
12/5/2014,0.88045201,531.43,522.84,523.82,"2,565,600",7.36,0.88045201
12/8/2014,0.885149261,529.55,522.36,525.54,"2,329,300",7.37,0.885149261
12/9/2014,0.889757998,532.73,519.07,531.91,"1,871,300",7.38,0.889757998
12/10/2014,0.894277761,534.86,524.12,524.62,"1,712,200",7.39,0.894277761
12/11/2014,0.898708096,532.46,525.66,526.89,"1,610,800",7.4,0.898708096
12/12/2014,0.903048561,527.05,517.24,517.24,"1,994,500",7.41,0.903048561
12/15/2014,0.907298722,521.67,511.86,512.39,"2,813,400",7.42,0.907298722
12/16/2014,0.911458154,511.65,487.66,494.03,"3,964,200",7.43,0.911458154
12/17/2014,0.915526441,505.61,495.45,503.51,"2,883,100",7.44,0.915526441
12/18/2014,0.919503176,512.46,503.32,509.7,"2,926,700",7.45,0.919503176
12/19/2014,0.923387961,516.3,505.52,514.94,"3,690,200",7.46,0.923387961
12/22/2014,0.927180409,525.02,514.67,523.43,"2,723,700",7.47,0.927180409
12/23/2014,0.930880139,533.1,524.85,529.14,"2,197,600",7.48,0.930880139
12/24/2014,0.934486782,530.3,525.58,527.32,"705,900",7.49,0.934486782
12/26/2014,0.937999977,532.79,525.87,532.57,"1,040,500",7.5,0.937999977
12/29/2014,0.941419373,534.01,528.56,528.88,"2,278,500",7.51,0.941419373
12/30/2014,0.944744627,529.7,525.69,528.97,"876,200",7.52,0.944744627
12/31/2014,0.947975408,531.14,524.36,524.96,"1,368,200",7.53,0.947975408
1/2/2015,0.951111392,529.82,522.67,523.37,"1,447,500",7.54,0.951111392
1/5/2015,0.954152266,522.89,511.66,512.46,"2,059,800",7.55,0.954152266
1/6/2015,0.957097726,514.76,499.68,500.59,"2,899,900",7.56,0.957097726
1/7/2015,0.959947476,505.86,498.28,499.73,"2,065,000",7.57,0.959947476
1/8/2015,0.962701233,502.1,489.66,501.3,"3,353,500",7.58,0.962701233
1/9/2015,0.96535872,503.54,493.44,494.81,"2,071,300",7.59,0.96535872
1/12/2015,0.967919672,494.62,486.23,491.2,"2,326,700",7.6,0.967919672
1/13/2015,0.970383833,501.6,491.04,494.82,"2,370,400",7.61,0.970383833
1/14/2015,0.972750956,501.85,491.65,499.5,"2,215,500",7.62,0.972750956
1/15/2015,0.975020806,504.3,496.4,500.42,"2,715,800",7.63,0.975020806
1/16/2015,0.977193153,506.8,498.63,506.69,"2,298,200",7.64,0.977193153
1/20/2015,0.979267783,511.1,504.63,505.51,"2,232,000",7.65,0.979267783
1/21/2015,0.981244486,517.86,504.81,516.62,"2,268,700",7.66,0.981244486
1/22/2015,0.983123066,534.86,518.28,532.93,"2,676,900",7.67,0.983123066
1/23/2015,0.984903334,540.69,531.54,538.47,"2,281,700",7.68,0.984903334
1/26/2015,0.986585113,537.52,528.22,533.74,"1,543,700",7.69,0.986585113
1/27/2015,0.988168234,529.25,516.77,517.21,"1,904,000",7.7,0.988168234
1/28/2015,0.989652539,521.56,508.6,508.6,"1,683,800",7.71,0.989652539
1/29/2015,0.99103788,509.69,499.83,509.26,"4,186,300",7.72,0.99103788
1/30/2015,0.992324117,538.39,514.11,533.06,"5,606,300",7.73,0.992324117
2/2/2015,0.993511123,531.54,517.13,527.03,"2,849,800",7.74,0.993511123
2/3/2015,0.994598779,531.94,521.83,527.79,"2,038,600",7.75,0.994598779
2/4/2015,0.995586976,531.21,519.84,521.33,"1,663,600",7.76,0.995586976
2/5/2015,0.996475615,527.05,520.66,526.14,"1,849,700",7.77,0.996475615
2/6/2015,0.997264607,535.73,524.97,529.55,"1,763,500",7.78,0.997264607
2/9/2015,0.997953873,530.54,524.58,526.38,"1,267,700",7.79,0.997953873
2/10/2015,0.998543345,536.23,525.48,535.47,"1,749,800",7.8,0.998543345
2/11/2015,0.999032964,536.98,531.92,534.5,"1,377,700",7.81,0.999032964
2/12/2015,0.99942268,543.33,533.21,541.44,"1,620,200",7.82,0.99942268
2/13/2015,0.999712454,548.4,541.64,547.51,"1,900,300",7.83,0.999712454
2/17/2015,0.999902259,548.49,539.61,541.35,"1,616,800",7.84,0.999902259
2/18/2015,0.999992073,544,536.04,538.22,"1,453,000",7.85,0.999992073
2/19/2015,0.99998189,541.62,536.54,541.38,"989,100",7.86,0.99998189
2/20/2015,0.999871709,542.26,534.33,537.47,"1,444,300",7.87,0.999871709
2/23/2015,0.999661541,534.97,527.96,530.45,"1,457,800",7.88,0.999661541
2/24/2015,0.999351409,535.32,526.8,534.62,"1,005,000",7.89,0.999351409
2/25/2015,0.998941342,544.72,533.98,542.38,"1,825,900",7.9,0.998941342
2/26/2015,0.998431382,554.62,540.02,553.96,"2,311,500",7.91,0.998431382
2/27/2015,0.997821579,563.16,551.39,556.87,"2,410,100",7.92,0.997821579
3/2/2015,0.997111995,570.58,557.22,569.78,"2,129,600",7.93,0.997111995
3/3/2015,0.996302701,573.81,564.97,572.07,"1,704,700",7.94,0.996302701
3/4/2015,0.995393777,575.53,566.45,571.8,"1,876,800",7.95,0.995393777
3/5/2015,0.994385315,576.33,571.84,573.75,"1,389,600",7.96,0.994385315
3/6/2015,0.993277415,575.1,565.21,566.13,"1,659,100",7.97,0.993277415
3/9/2015,0.992070188,568.71,561.99,567.29,"1,062,100",7.98,0.992070188
3/10/2015,0.990763755,563.3,553.21,553.49,"1,792,300",7.99,0.990763755
3/11/2015,0.989358247,556.61,549.17,549.67,"1,820,700",8,0.989358247
3/12/2015,0.987853803,554.85,548.95,553.99,"1,389,600",8.01,0.987853803
3/13/2015,0.986250575,556.87,542.73,545.82,"1,703,500",8.02,0.986250575
3/16/2015,0.984548723,555.33,544.51,552.99,"1,640,900",8.03,0.984548723
3/17/2015,0.982748416,552.28,546.5,549.33,"1,805,500",8.04,0.982748416
3/18/2015,0.980849836,558.25,545.5,557.97,"2,134,500",8.05,0.980849836
3/19/2015,0.978853171,559.26,554.62,556.46,"1,197,200",8.06,0.978853171
3/20/2015,0.976758622,560.18,557.52,558.83,"2,616,800",8.07,0.976758622
3/23/2015,0.974566398,560.82,554.31,557.28,"1,643,800",8.08,0.974566398
3/24/2015,0.972276718,573.02,559.67,568.63,"2,583,200",8.09,0.972276718
3/25/2015,0.969889811,570.69,557.21,557.26,"2,152,200",8.1,0.969889811
3/26/2015,0.967405916,557.37,549.14,553.65,"1,572,600",8.11,0.967405916
3/27/2015,0.964825281,553.76,546.63,546.84,"1,897,400",8.12,0.964825281
3/30/2015,0.962148164,551.95,546.67,550.52,"1,287,500",8.13,0.962148164
3/31/2015,0.959374834,553.19,545.22,546.5,"1,588,000",8.14,0.959374834
4/1/2015,0.956505567,549.63,538.02,541.07,"1,963,000",8.15,0.956505567
4/2/2015,0.95354065,539.37,532.39,534.06,"1,716,300",8.16,0.95354065
4/6/2015,0.950480379,536.94,528.12,535.3,"1,324,400",8.17,0.950480379
4/7/2015,0.947325062,541.2,534.53,535.55,"1,302,800",8.18,0.947325062
4/8/2015,0.944075013,542.36,536.91,540.13,"1,178,500",8.19,0.944075013
4/9/2015,0.940730557,540.47,534.02,539.3,"1,557,800",8.2,0.940730557
4/10/2015,0.937292028,540.81,535.84,538.53,"1,409,400",8.21,0.937292028
4/13/2015,0.933759772,542.57,535.84,537.69,"1,645,300",8.22,0.933759772
4/14/2015,0.93013414,536.1,526.65,528.94,"2,604,100",8.23,0.93013414
4/15/2015,0.926415495,533.27,521.79,531.07,"2,318,800",8.24,0.926415495
4/16/2015,0.92260421,534.12,528.16,532.34,"1,299,800",8.25,0.92260421
4/17/2015,0.918700665,528.39,519.58,522.62,"2,151,800",8.26,0.918700665
4/20/2015,0.914705251,534.62,523.06,533.91,"1,679,200",8.27,0.914705251
4/21/2015,0.910618367,537.91,532.21,532.51,"1,844,700",8.28,0.910618367
4/22/2015,0.906440422,539.6,530.29,537.89,"1,593,500",8.29,0.906440422
4/23/2015,0.902171834,549.45,538.75,545.5,"4,184,800",8.3,0.902171834
4/24/2015,0.897813029,569.58,555.72,563.51,"4,932,500",8.31,0.897813029
4/27/2015,0.893364444,565.95,553.2,555.37,"2,398,000",8.32,0.893364444
4/28/2015,0.888826523,556.02,550.37,553.68,"1,491,000",8.33,0.888826523
4/29/2015,0.88419972,553.68,546.91,549.08,"1,698,800",8.34,0.88419972
4/30/2015,0.879484498,548.59,535.05,537.34,"2,082,200",8.35,0.879484498
5/1/2015,0.874681328,539.54,532.1,537.9,"1,768,200",8.36,0.874681328
5/4/2015,0.86979069,544.07,535.06,540.78,"1,308,000",8.37,0.86979069
5/5/2015,0.864813075,539.74,530.39,530.8,"1,383,100",8.38,0.864813075
5/6/2015,0.859748978,532.38,521.09,524.22,"1,567,000",8.39,0.859748978
5/7/2015,0.854598908,533.46,521.75,530.7,"1,546,300",8.4,0.854598908
5/8/2015,0.849363379,541.15,525,538.22,"1,527,600",8.41,0.849363379
5/11/2015,0.844042913,541.98,535.4,535.7,"905,300",8.42,0.844042913
5/12/2015,0.838638044,533.21,525.26,529.04,"1,634,200",8.43,0.838638044
5/13/2015,0.833149313,534.32,528.66,529.62,"1,252,300",8.44,0.833149313
5/14/2015,0.827577266,539,532.41,538.4,"1,403,900",8.45,0.827577266
5/15/2015,0.821922463,539.27,530.38,533.85,"1,971,300",8.46,0.821922463
5/18/2015,0.816185469,534.82,528.85,532.3,"2,003,400",8.47,0.816185469
5/19/2015,0.810366856,540.66,533.04,537.36,"1,966,900",8.48,0.810366856
5/20/2015,0.804467207,542.92,532.97,539.27,"1,430,800",8.49,0.804467207
5/21/2015,0.798487113,543.84,535.98,542.51,"1,462,700",8.5,0.798487113
5/22/2015,0.79242717,544.19,539.51,540.11,"1,176,200",8.51,0.79242717
5/26/2015,0.786287985,539,529.88,532.32,"2,406,500",8.52,0.786287985
5/27/2015,0.780070172,540.55,531.71,539.79,"1,525,000",8.53,0.780070172
5/28/2015,0.773774353,540.61,536.25,539.78,"1,029,800",8.54,0.773774353
5/29/2015,0.767401157,538.63,531.45,532.11,"2,597,400",8.55,0.767401157
6/1/2015,0.760951221,536.79,529.76,533.99,"1,904,300",8.56,0.760951221
6/2/2015,0.754425191,543,531.33,539.18,"1,939,000",8.57,0.754425191
6/3/2015,0.747823719,543.5,537.11,540.31,"1,714,500",8.58,0.747823719
6/4/2015,0.741147466,540.59,534.32,536.7,"1,348,300",8.59,0.741147466
6/5/2015,0.734397098,537.2,532.52,533.33,"1,388,200",8.6,0.734397098
6/8/2015,0.727573291,534.12,526.24,526.83,"1,520,600",8.61,0.727573291
6/9/2015,0.720676727,529.2,523.01,526.69,"1,455,300",8.62,0.720676727
6/10/2015,0.713708097,538.36,529.35,536.69,"1,815,000",8.63,0.713708097
6/11/2015,0.706668096,538.98,533.02,534.61,"1,217,500",8.64,0.706668096
6/12/2015,0.699557429,533.12,530.16,532.33,"955,800",8.65,0.699557429
6/15/2015,0.692376806,528.3,524,527.2,"1,632,700",8.66,0.692376806
6/16/2015,0.685126947,529.64,525.56,528.15,"1,071,800",8.67,0.685126947
6/17/2015,0.677808575,530.98,525.1,529.26,"1,294,200",8.68,0.677808575
6/18/2015,0.670422424,538.15,530.79,536.73,"1,833,100",8.69,0.670422424
6/19/2015,0.66296923,538.25,533.01,536.69,"1,893,500",8.7,0.66296923
6/22/2015,0.65544974,543.74,537.53,538.19,"1,250,300",8.71,0.65544974
6/23/2015,0.647864706,541.5,535.25,540.48,"1,197,500",8.72,0.647864706
6/24/2015,0.640214886,540,535.66,537.84,"1,286,600",8.73,0.640214886
6/25/2015,0.632501045,540.9,535.23,535.23,"1,335,700",8.74,0.632501045
6/26/2015,0.624723954,537.76,531.35,531.69,"2,109,100",8.75,0.624723954
6/29/2015,0.616884391,528.61,520.54,521.52,"1,937,800",8.76,0.616884391
6/30/2015,0.608983141,526.25,520.5,520.51,"2,217,200",8.77,0.608983141
7/1/2015,0.601020992,525.69,518.23,521.84,"1,961,000",8.78,0.601020992
7/2/2015,0.592998742,524.65,521.08,523.4,"1,235,900",8.79,0.592998742
7/6/2015,0.584917193,525.25,519,522.86,"1,280,500",8.8,0.584917193
7/7/2015,0.576777152,526.18,515.18,525.02,"1,597,200",8.81,0.576777152
7/8/2015,0.568579435,522.73,516.11,516.83,"1,296,700",8.82,0.568579435
7/9/2015,0.560324859,523.77,520.35,520.68,"1,839,400",8.83,0.560324859
7/10/2015,0.552014252,532.56,525.55,530.13,"1,956,700",8.84,0.552014252
7/13/2015,0.543648444,547.11,532.4,546.55,"2,206,500",8.85,0.543648444
7/14/2015,0.535228271,565.85,546.71,561.1,"3,244,100",8.86,0.535228271
7/15/2015,0.526754576,566.5,556.79,560.22,"1,784,600",8.87,0.526754576
7/16/2015,0.518228206,580.68,565,579.85,"4,768,300",8.88,0.518228206
7/17/2015,0.509650013,674.47,645,672.93,"11,164,900",8.89,0.509650013
7/20/2015,0.501020856,668.88,653.01,663.02,"5,860,900",8.9,0.501020856
7/21/2015,0.492341598,673,654.3,662.3,"3,377,200",8.91,0.492341598
7/22/2015,0.483613105,678.64,659,662.1,"3,929,300",8.92,0.483613105
7/23/2015,0.474836252,663.63,641,644.28,"3,029,100",8.93,0.474836252
7/24/2015,0.466011915,648.17,622.52,623.56,"3,625,700",8.94,0.466011915
7/27/2015,0.457140978,634.3,620.5,627.26,"2,675,400",8.95,0.457140978
7/28/2015,0.448224327,632.83,623.31,628,"1,727,300",8.96,0.448224327
7/29/2015,0.439262854,633.36,622.65,631.93,"1,575,100",8.97,0.439262854
7/30/2015,0.430257455,635.22,622.05,632.59,"1,474,200",8.98,0.430257455
7/31/2015,0.42120903,632.91,625.5,625.61,"1,706,100",8.99,0.42120903
8/3/2015,0.412118485,633.06,625.34,631.21,"1,304,500",9,0.412118485
8/4/2015,0.402986729,634.81,627.16,629.25,"1,490,900",9.01,0.402986729
8/5/2015,0.393814674,647.86,633.16,643.78,"2,334,300",9.02,0.393814674
8/6/2015,0.384603238,645.38,632.25,642.68,"1,572,600",9.03,0.384603238
8/7/2015,0.375353342,642.68,629.71,635.3,"1,403,900",9.04,0.375353342
8/10/2015,0.366065911,643.44,631.25,633.73,"1,809,200",9.05,0.366065911
8/11/2015,0.356741874,674.9,654.27,660.78,"5,029,200",9.06,0.356741874
8/12/2015,0.347382162,665,652.29,659.56,"2,936,700",9.07,0.347382162
8/13/2015,0.337987713,664.5,651.66,656.45,"1,810,700",9.08,0.337987713
8/14/2015,0.328559466,659.85,652.66,657.12,"1,072,100",9.09,0.328559466
8/17/2015,0.319098362,661.38,651.24,660.87,"1,051,700",9.1,0.319098362
8/18/2015,0.309605349,664,653.46,656.13,"1,456,100",9.11,0.309605349
8/19/2015,0.300081376,667,654.19,660.9,"2,131,600",9.12,0.300081376
8/20/2015,0.290527395,662.99,642.9,646.83,"2,855,300",9.13,0.290527395
8/21/2015,0.280944362,640.05,612.33,612.48,"4,265,200",9.14,0.280944362
8/24/2015,0.271333234,599.33,565.05,589.61,"5,770,300",9.15,0.271333234
8/25/2015,0.261694973,617.45,581.11,582.06,"3,538,000",9.16,0.261694973
8/26/2015,0.252030543,631.71,599.05,628.62,"4,235,900",9.17,0.252030543
8/27/2015,0.24234091,643.59,622,637.61,"3,491,300",9.18,0.24234091
8/28/2015,0.232627043,636.88,624.56,630.38,"1,978,700",9.19,0.232627043
8/31/2015,0.222889914,635.8,617.68,618.25,"2,176,700",9.2,0.222889914
9/1/2015,0.213130496,612.86,594.1,597.79,"3,702,100",9.21,0.213130496
9/2/2015,0.203349765,614.34,599.71,614.34,"2,575,600",9.22,0.203349765
9/3/2015,0.193548699,619.71,602.82,606.25,"1,759,600",9.23,0.193548699
9/4/2015,0.183728279,603.47,595.25,600.7,"2,089,000",9.24,0.183728279
9/8/2015,0.173889485,616.31,604.12,614.66,"2,279,500",9.25,0.173889485
9/9/2015,0.164033303,626.52,609.6,612.72,"1,702,100",9.26,0.164033303
9/10/2015,0.154160718,624.16,611.43,621.35,"1,905,300",9.27,0.154160718
9/11/2015,0.144272717,625.78,617.42,625.77,"1,373,500",9.28,0.144272717
9/14/2015,0.134370289,625.86,619.43,623.24,"1,702,300",9.29,0.134370289
9/15/2015,0.124454424,638.7,623.78,635.14,"2,084,400",9.3,0.124454424
9/16/2015,0.114526113,637.95,632.32,635.98,"1,286,500",9.31,0.114526113
9/17/2015,0.10458635,650.9,635.02,642.9,"2,274,700",9.32,0.10458635
9/18/2015,0.094636128,640,627.02,629.25,"5,133,400",9.33,0.094636128
9/21/2015,0.084676443,636.49,625.94,635.44,"1,788,500",9.34,0.084676443
9/22/2015,0.07470829,627.55,615.43,622.69,"2,562,900",9.35,0.07470829
9/23/2015,0.064732667,628.93,620,622.36,"1,470,900",9.36,0.064732667
9/24/2015,0.05475057,627.32,612.4,625.8,"2,240,100",9.37,0.05475057
9/25/2015,0.044762998,629.77,611,611.97,"2,174,000",9.38,0.044762998
9/28/2015,0.03477095,614.6,589.38,594.89,"3,127,700",9.39,0.03477095
9/29/2015,0.024775425,605,590.22,594.97,"2,309,500",9.4,0.024775425
9/30/2015,0.014777423,608.76,600.73,608.42,"2,413,400",9.41,0.014777423
10/1/2015,0.004777943,612.09,599.85,611.29,"1,867,600",9.42,0.004777943
10/2/2015,-0.005222015,627.34,603.13,626.91,"2,684,800",9.43,-0.005222015
10/5/2015,-0.015221451,643.01,627,641.47,"1,803,600",9.44,-0.015221451
10/6/2015,-0.025219365,649.25,636.53,645.44,"2,166,300",9.45,-0.025219365
10/7/2015,-0.035214757,650.61,632.15,642.36,"2,092,700",9.46,-0.035214757
10/8/2015,-0.045206627,644.45,625.56,639.16,"2,182,100",9.47,-0.045206627
10/9/2015,-0.055193977,645.99,635.32,643.61,"1,648,700",9.48,-0.055193977
10/12/2015,-0.065175808,648.5,639.01,646.67,"1,275,200",9.49,-0.065175808
10/13/2015,-0.07515112,657.81,643.15,652.3,"1,807,700",9.5,-0.07515112
10/14/2015,-0.085118918,659.39,648.85,651.16,"1,415,500",9.51,-0.085118918
10/15/2015,-0.095078204,663.13,654.46,661.74,"1,885,700",9.52,-0.095078204
10/16/2015,-0.105027983,664.97,657.2,662.2,"1,611,100",9.53,-0.105027983
10/19/2015,-0.114967258,666.82,659.58,666.1,"1,477,300",9.54,-0.114967258
10/20/2015,-0.124895037,664.72,644.2,650.28,"2,490,000",9.55,-0.124895037
10/21/2015,-0.134810327,655.87,641.73,642.61,"1,791,100",9.56,-0.134810327
10/22/2015,-0.144712135,657.8,644.01,651.79,"4,071,000",9.57,-0.144712135
10/23/2015,-0.154599473,730,701.5,702,"6,653,900",9.58,-0.154599473
10/26/2015,-0.164471351,719.15,701.26,712.78,"2,716,600",9.59,-0.164471351
10/27/2015,-0.174326781,713.62,704.55,708.49,"2,245,800",9.6,-0.174326781
10/28/2015,-0.184164779,712.98,703.08,712.95,"2,178,900",9.61,-0.184164779
10/29/2015,-0.193984361,718.26,710.01,716.92,"1,456,000",9.62,-0.193984361
10/30/2015,-0.203784545,718,710.05,710.81,"1,908,800",9.63,-0.203784545
11/2/2015,-0.21356435,721.62,705.85,721.11,"1,886,300",9.64,-0.21356435
11/3/2015,-0.223322799,724.65,714.72,722.16,"1,565,400",9.65,-0.223322799
11/4/2015,-0.233058916,733.1,721.9,728.11,"1,706,700",9.66,-0.233058916
11/5/2015,-0.242771727,739.48,729.47,731.25,"1,861,600",9.67,-0.242771727
11/6/2015,-0.252460262,735.41,727.01,733.76,"1,511,600",9.68,-0.252460262
11/9/2015,-0.26212355,734.71,719.43,724.89,"2,069,800",9.69,-0.26212355
11/10/2015,-0.271760626,730.59,718.5,728.32,"1,608,000",9.7,-0.271760626
11/11/2015,-0.281370527,741,730.23,735.4,"1,366,400",9.71,-0.281370527
11/12/2015,-0.290952291,737.8,728.65,731.23,"1,837,200",9.72,-0.290952291
11/13/2015,-0.300504959,731.15,716.73,717,"2,075,500",9.73,-0.300504959
11/16/2015,-0.310027578,729.49,711.33,728.96,"1,905,900",9.74,-0.310027578
11/17/2015,-0.319519194,731.84,723.03,725.3,"1,510,900",9.75,-0.319519194
11/18/2015,-0.328978858,741.41,727,740,"1,684,300",9.76,-0.328978858
11/19/2015,-0.338405625,742,737.43,738.41,"1,327,100",9.77,-0.338405625
11/20/2015,-0.347798551,757.92,743,756.6,"2,212,300",9.78,-0.347798551
11/23/2015,-0.357156698,762.71,751.82,755.98,"1,414,500",9.79,-0.357156698
11/24/2015,-0.366479129,755.28,737.63,748.28,"2,333,100",9.8,-0.366479129
11/25/2015,-0.375764913,752,746.06,748.15,"1,122,100",9.81,-0.375764913
11/27/2015,-0.385013121,753.41,747.49,750.26,"838,500",9.82,-0.385013121
11/30/2015,-0.394222827,754.93,741.27,742.6,"2,097,600",9.83,-0.394222827
12/1/2015,-0.403393112,768.95,746.7,767.04,"2,134,600",9.84,-0.403393112
12/2/2015,-0.412523058,775.96,758.96,762.38,"2,230,400",9.85,-0.412523058
12/3/2015,-0.421611752,768.99,745.63,752.54,"2,590,600",9.86,-0.421611752
12/4/2015,-0.430658285,768.49,750,766.81,"2,757,300",9.87,-0.430658285
12/7/2015,-0.439661752,768.73,755.09,763.25,"1,812,300",9.88,-0.439661752
12/8/2015,-0.448621254,764.8,754.2,762.37,"1,829,500",9.89,-0.448621254
12/9/2015,-0.457535894,764.23,737,751.61,"2,700,000",9.9,-0.457535894
12/10/2015,-0.46640478,755.85,743.83,749.46,"1,984,900",9.91,-0.46640478
12/11/2015,-0.475227027,745.71,736.75,738.87,"2,224,400",9.92,-0.475227027
12/14/2015,-0.484001751,748.73,724.17,747.77,"2,412,500",9.93,-0.484001751
12/15/2015,-0.492728076,758.08,743.01,743.4,"2,666,200",9.94,-0.492728076
12/16/2015,-0.501405128,760.59,739.43,758.09,"1,993,300",9.95,-0.501405128
12/17/2015,-0.51003204,762.68,749,749.43,"1,553,400",9.96,-0.51003204
12/18/2015,-0.51860795,754.13,738.15,739.31,"3,148,700",9.97,-0.51860795
12/21/2015,-0.527131998,750,740,747.77,"1,525,700",9.98,-0.527131998
12/22/2015,-0.535603335,754.85,745.53,750,"1,365,400",9.99,-0.535603335
12/23/2015,-0.544021111,754.21,744,750.31,"1,565,900",10,-0.544021111
12/24/2015,-0.552384486,751.35,746.62,748.4,"527,200",10.01,-0.552384486
12/28/2015,-0.560692622,762.99,749.52,762.51,"1,515,300",10.02,-0.560692622
12/29/2015,-0.56894469,779.98,766.43,776.6,"1,765,000",10.03,-0.56894469
12/30/2015,-0.577139864,777.6,766.9,771,"1,293,300",10.04,-0.577139864
12/31/2015,-0.585277324,769.5,758.34,758.88,"1,489,600",10.05,-0.585277324
1/4/2016,-0.593356257,744.06,731.26,741.84,"3,272,800",10.06,-0.593356257
1/5/2016,-0.601375855,752,738.64,742.58,"1,950,700",10.07,-0.601375855
1/6/2016,-0.609335316,747.18,728.92,743.62,"1,947,000",10.08,-0.609335316
1/7/2016,-0.617233844,738.5,719.06,726.39,"2,963,700",10.09,-0.617233844
1/8/2016,-0.625070649,733.23,713,714.47,"2,450,900",10.1,-0.625070649
1/11/2016,-0.632844947,718.85,703.54,716.03,"2,090,600",10.11,-0.632844947
1/12/2016,-0.640555962,728.75,717.32,726.07,"2,024,500",10.12,-0.640555962
1/13/2016,-0.648202921,734.74,698.61,700.56,"2,501,700",10.13,-0.648202921
1/14/2016,-0.655785061,721.92,689.1,714.72,"2,225,800",10.14,-0.655785061
1/15/2016,-0.663301623,706.74,685.37,694.45,"3,592,400",10.15,-0.663301623
1/19/2016,-0.670751855,709.98,693.41,701.79,"2,268,100",10.16,-0.670751855
1/20/2016,-0.678135012,706.85,673.26,698.45,"3,445,000",10.17,-0.678135012
1/21/2016,-0.685450357,719.19,694.46,706.59,"2,412,200",10.18,-0.685450357
1/22/2016,-0.692697157,728.13,720.12,725.25,"2,011,800",10.19,-0.692697157
1/25/2016,-0.699874688,729.68,710.01,711.67,"1,711,700",10.2,-0.699874688
1/26/2016,-0.706982232,718.28,706.48,713.04,"1,331,700",10.21,-0.706982232
1/27/2016,-0.714019078,718.23,694.39,699.99,"2,194,200",10.22,-0.714019078
1/28/2016,-0.720984523,733.69,712.35,730.96,"2,676,400",10.23,-0.720984523
1/29/2016,-0.72787787,744.99,726.8,742.95,"3,474,300",10.24,-0.72787787
2/1/2016,-0.73469843,757.86,743.27,752,"5,139,200",10.25,-0.73469843
2/2/2016,-0.741445521,789.87,764.65,764.65,"6,348,100",10.26,-0.741445521
2/3/2016,-0.748118468,774.5,720.5,726.95,"6,171,000",10.27,-0.748118468
2/4/2016,-0.754716604,727,701.86,708.01,"5,168,700",10.28,-0.754716604
2/5/2016,-0.761239268,703.99,680.15,683.57,"5,105,700",10.29,-0.761239268
2/8/2016,-0.76768581,684.03,663.06,682.74,"4,247,400",10.3,-0.76768581
2/9/2016,-0.774055583,699.9,668.77,678.11,"3,608,900",10.31,-0.774055583
2/10/2016,-0.780347952,701.31,682.13,684.12,"2,638,000",10.32,-0.780347952
2/11/2016,-0.786562286,689.35,668.87,683.11,"3,024,000",10.33,-0.786562286
2/12/2016,-0.792697965,693.75,678.6,682.4,"2,141,400",10.34,-0.792697965
2/16/2016,-0.798754374,698,685.05,691,"2,520,000",10.35,-0.798754374
2/17/2016,-0.804730909,709.75,691.38,708.4,"2,492,600",10.36,-0.804730909
2/18/2016,-0.810626972,712.35,696.03,697.35,"1,883,200",10.37,-0.810626972
2/19/2016,-0.816441972,703.08,694.05,700.91,"1,589,300",10.38,-0.816441972
2/22/2016,-0.822175329,713.24,702.51,706.46,"1,949,800",10.39,-0.822175329
2/23/2016,-0.827826469,708.4,693.58,695.85,"2,009,300",10.4,-0.827826469
2/24/2016,-0.833394827,700,680.78,699.56,"1,963,600",10.41,-0.833394827
2/25/2016,-0.838879846,705.98,690.59,705.75,"1,642,200",10.42,-0.838879846
2/26/2016,-0.844280979,713.43,700.86,705.07,"2,243,500",10.43,-0.844280979
2/29/2016,-0.849597683,710.89,697.68,697.77,"2,481,100",10.44,-0.849597683
3/1/2016,-0.854829429,718.81,699.77,718.81,"2,151,400",10.45,-0.854829429
3/2/2016,-0.859975692,720,712,718.85,"1,629,000",10.46,-0.859975692
3/3/2016,-0.865035959,719.45,706.02,712.42,"1,958,000",10.47,-0.865035959
3/4/2016,-0.870009722,716.49,706.02,710.89,"1,972,100",10.48,-0.870009722
3/7/2016,-0.874896486,708.09,686.9,695.16,"2,985,100",10.49,-0.874896486
3/8/2016,-0.87969576,703.79,685.34,693.97,"2,076,300",10.5,-0.87969576
3/9/2016,-0.884407066,705.68,694,705.24,"1,421,500",10.51,-0.884407066
3/10/2016,-0.889029931,716.44,703.36,712.82,"2,833,500",10.52,-0.889029931
3/11/2016,-0.893563895,726.92,717.13,726.82,"1,970,800",10.53,-0.893563895
3/14/2016,-0.898008502,735.5,725.15,730.49,"1,718,300",10.54,-0.898008502
3/15/2016,-0.90236331,732.29,724.77,728.33,"1,721,000",10.55,-0.90236331
3/16/2016,-0.906627882,737.47,724.51,736.09,"1,624,400",10.56,-0.906627882
3/17/2016,-0.910801792,743.07,736,737.78,"1,860,800",10.57,-0.910801792
3/18/2016,-0.914884623,742,731.83,737.6,"2,980,700",10.58,-0.914884623
3/21/2016,-0.918875966,742.5,733.52,742.09,"1,836,500",10.59,-0.918875966
3/22/2016,-0.922775422,745,737.46,740.75,"1,269,700",10.6,-0.922775422
3/23/2016,-0.926582601,745.72,736.15,738.06,"1,432,100",10.61,-0.926582601
3/24/2016,-0.930297123,737.75,731,735.3,"1,594,900",10.62,-0.930297123
3/28/2016,-0.933918616,738.99,732.5,733.53,"1,301,300",10.63,-0.933918616
3/29/2016,-0.937446717,747.25,728.76,744.77,"1,903,800",10.64,-0.937446717
3/30/2016,-0.940881075,757.88,748.74,750.53,"1,782,400",10.65,-0.940881075
3/31/2016,-0.944221346,750.85,740.94,744.95,"1,718,800",10.66,-0.944221346
4/1/2016,-0.947467195,750.34,737,749.91,"1,576,700",10.67,-0.947467195
4/4/2016,-0.950618298,752.8,742.43,745.29,"1,134,200",10.68,-0.950618298
4/5/2016,-0.953674341,742.8,735.37,737.8,"1,132,300",10.69,-0.953674341
4/6/2016,-0.956635016,746.24,735.56,745.69,"1,053,700",10.7,-0.956635016
4/7/2016,-0.959500029,747,736.28,740.28,"1,453,200",10.71,-0.959500029
4/8/2016,-0.962269093,745.45,735.55,739.15,"1,290,800",10.72,-0.962269093
4/11/2016,-0.964941931,745,736.05,736.1,"1,220,100",10.73,-0.964941931
4/12/2016,-0.967518275,743.83,731.01,743.09,"1,353,000",10.74,-0.967518275
4/13/2016,-0.969997868,754.38,744.26,751.72,"1,707,100",10.75,-0.969997868
4/14/2016,-0.972380462,757.31,752.71,753.2,"1,135,300",10.76,-0.972380462
4/15/2016,-0.974665819,761,752.69,759,"1,809,300",10.77,-0.974665819
4/18/2016,-0.97685371,768.05,757.3,766.61,"1,556,000",10.78,-0.97685371
4/19/2016,-0.978943917,769.9,749.33,753.93,"2,030,500",10.79,-0.978943917
4/20/2016,-0.98093623,758.13,750.01,752.67,"1,529,200",10.8,-0.98093623
4/21/2016,-0.98283045,760.45,749.55,759.14,"3,060,500",10.81,-0.98283045
4/22/2016,-0.984626388,736.12,713.61,718.77,"5,951,900",10.82,-0.984626388
4/25/2016,-0.986323865,723.93,715.59,723.15,"1,959,200",10.83,-0.986323865
4/26/2016,-0.987922709,725.77,703.03,708.14,"2,744,600",10.84,-0.987922709
4/27/2016,-0.989422762,708.98,692.36,705.84,"3,098,600",10.85,-0.989422762
4/28/2016,-0.990823874,714.17,689.55,691.02,"2,867,300",10.86,-0.990823874
4/29/2016,-0.992125904,697.62,689,693.01,"2,487,700",10.87,-0.992125904
5/2/2016,-0.993328723,700.64,691,698.21,"1,645,300",10.88,-0.993328723
5/3/2016,-0.994432209,697.84,692,692.36,"1,543,800",10.89,-0.994432209
5/4/2016,-0.995436253,699.75,689.01,695.7,"1,693,500",10.9,-0.995436253
5/5/2016,-0.996340755,702.32,695.72,701.43,"1,683,500",10.91,-0.996340755
5/6/2016,-0.997145622,711.86,698.11,711.12,"1,826,100",10.92,-0.997145622
5/9/2016,-0.997850777,718.71,710,712.9,"1,510,300",10.93,-0.997850777
5/10/2016,-0.998456147,723.5,715.72,723.18,"1,569,600",10.94,-0.998456147
5/11/2016,-0.998961672,724.48,712.8,715.29,"1,692,100",10.95,-0.998961672
5/12/2016,-0.999367302,719.25,709,713.31,"1,360,700",10.96,-0.999367302
5/13/2016,-0.999672996,716.66,709.26,710.83,"1,314,500",10.97,-0.999672996
5/16/2016,-0.999878723,718.48,705.65,716.49,"1,317,100",10.98,-0.999878723
5/17/2016,-0.999984464,721.52,704.11,706.23,"2,001,200",10.99,-0.999984464
5/18/2016,-0.999990207,711.6,700.63,706.63,"1,766,800",11,-0.999990207
5/19/2016,-0.999895951,706,696.8,700.32,"1,670,200",11.01,-0.999895951
5/20/2016,-0.999701707,714.58,700.52,709.74,"1,828,400",11.02,-0.999701707
5/23/2016,-0.999407494,711.48,704.18,704.24,"1,330,700",11.03,-0.999407494
5/24/2016,-0.99901334,720.97,706.86,720.09,"1,929,500",11.04,-0.99901334
5/25/2016,-0.998519286,727.51,719.71,725.27,"1,629,200",11.05,-0.998519286
5/26/2016,-0.997925382,728.33,720.28,724.12,"1,576,300",11.06,-0.997925382
5/27/2016,-0.997231685,733.94,724,732.66,"1,974,000",11.07,-0.997231685
5/31/2016,-0.996438266,739.73,731.26,735.72,"2,129,500",11.08,-0.996438266
6/1/2016,-0.995545204,737.21,730.66,734.15,"1,253,600",11.09,-0.995545204
6/2/2016,-0.994552588,733.02,724.17,730.4,"1,341,800",11.1,-0.994552588
6/3/2016,-0.993460518,729.49,720.56,722.34,"1,226,300",11.11,-0.993460518
6/6/2016,-0.992269103,724.91,714.61,716.55,"1,565,300",11.12,-0.992269103
6/7/2016,-0.990978461,721.98,716.55,716.65,"1,336,200",11.13,-0.990978461
6/8/2016,-0.989588723,728.57,720.58,728.28,"1,583,700",11.14,-0.989588723
6/9/2016,-0.988100026,729.54,722.34,728.58,"988,900",11.15,-0.988100026
6/10/2016,-0.986512521,725.89,716.43,719.41,"1,216,400",11.16,-0.986512521
6/13/2016,-0.984826365,725.44,716.51,718.36,"1,258,900",11.17,-0.984826365
6/14/2016,-0.983041727,722.47,713.12,718.27,"1,306,100",11.18,-0.983041727
6/15/2016,-0.981158785,722.98,717.31,718.92,"1,214,500",11.19,-0.981158785
6/16/2016,-0.979177729,716.65,703.26,710.36,"1,982,500",11.2,-0.979177729
6/17/2016,-0.977098756,708.82,688.45,691.72,"3,402,400",11.21,-0.977098756
6/20/2016,-0.974922074,702.48,693.41,693.71,"2,082,500",11.22,-0.974922074
6/21/2016,-0.9726479,702.77,692.01,695.94,"1,465,600",11.23,-0.9726479
6/22/2016,-0.970276462,700.86,693.08,697.46,"1,184,300",11.24,-0.970276462
6/23/2016,-0.967807998,701.95,687,701.87,"2,171,400",11.25,-0.967807998
6/24/2016,-0.965242753,689.4,673.45,675.22,"4,449,000",11.26,-0.965242753
6/27/2016,-0.962580985,672.3,663.28,668.26,"2,629,000",11.27,-0.962580985
6/28/2016,-0.95982296,680.33,673,680.04,"2,173,800",11.28,-0.95982296
6/29/2016,-0.956968953,687.43,681.41,684.11,"1,932,600",11.29,-0.956968953
6/30/2016,-0.95401925,692.32,683.65,692.1,"1,597,700",11.3,-0.95401925
7/1/2016,-0.950974146,700.65,692.13,699.21,"1,344,700",11.31,-0.950974146
7/5/2016,-0.947833945,696.94,688.88,694.95,"1,462,600",11.32,-0.947833945
7/6/2016,-0.944598962,701.68,689.09,697.77,"1,411,900",11.33,-0.944598962
7/7/2016,-0.94126952,698.2,688.22,695.36,"1,304,200",11.34,-0.94126952
7/8/2016,-0.937845951,705.71,696.43,705.63,"1,575,200",11.35,-0.937845951
7/11/2016,-0.934328599,716.51,707.24,715.09,"1,111,800",11.36,-0.934328599
7/12/2016,-0.930717814,722.94,715.91,720.64,"1,336,900",11.37,-0.930717814
7/13/2016,-0.927013959,724,716.85,716.98,"935,900",11.38,-0.927013959
7/14/2016,-0.923217403,722.21,718.03,720.95,"950,200",11.39,-0.923217403
7/15/2016,-0.919328526,725.74,719.05,719.85,"1,279,300",11.4,-0.919328526
7/18/2016,-0.915347717,736.13,721.19,733.78,"1,295,500",11.41,-0.915347717
7/19/2016,-0.911275373,736.99,729,736.96,"1,227,500",11.42,-0.911275373
7/20/2016,-0.907111903,742.13,737.1,741.19,"1,289,700",11.43,-0.907111903
7/21/2016,-0.902857723,741.69,735.83,738.63,"1,026,300",11.44,-0.902857723
7/22/2016,-0.898513258,743.24,736.56,742.74,"1,259,800",11.45,-0.898513258
7/25/2016,-0.894078942,742.61,737.5,739.77,"1,032,400",11.46,-0.894078942
7/26/2016,-0.889555219,741.69,734.27,738.42,"1,186,700",11.47,-0.889555219
7/27/2016,-0.884942541,744.46,737,741.77,"1,512,500",11.48,-0.884942541
7/28/2016,-0.880241369,748.65,739.3,745.91,"3,530,200",11.49,-0.880241369
7/29/2016,-0.875452175,778.55,766.77,768.79,"3,841,500",11.5,-0.875452175
8/1/2016,-0.870575435,780.43,761.09,772.88,"2,700,500",11.51,-0.870575435
8/2/2016,-0.865611639,775.84,767.85,771.07,"1,784,500",11.52,-0.865611639
8/3/2016,-0.860561283,773.21,766.82,773.18,"1,287,400",11.53,-0.860561283
8/4/2016,-0.855424871,774.07,768.79,771.61,"1,140,300",11.54,-0.855424871
8/5/2016,-0.850202917,783.04,772.34,782.22,"1,801,200",11.55,-0.850202917
8/8/2016,-0.844895944,782.63,778.09,781.76,"1,107,900",11.56,-0.844895944
8/9/2016,-0.839504482,788.94,780.57,784.26,"1,318,900",11.57,-0.839504482
8/10/2016,-0.83402907,786.81,782.78,784.68,"786,400",11.58,-0.83402907
8/11/2016,-0.828470255,789.75,782.97,784.85,"975,100",11.59,-0.828470255
8/12/2016,-0.822828595,783.4,780.4,783.22,"740,500",11.6,-0.822828595
8/15/2016,-0.817104652,787.49,780.11,782.44,"938,200",11.61,-0.817104652
8/16/2016,-0.811299,780.98,773.44,777.14,"1,028,000",11.62,-0.811299
8/17/2016,-0.805412218,780.81,773.53,779.91,"924,200",11.63,-0.805412218
8/18/2016,-0.799444896,782.86,777,777.5,"719,400",11.64,-0.799444896
8/19/2016,-0.79339763,777.1,773.13,775.42,"861,500",11.65,-0.79339763
8/22/2016,-0.787271025,774.54,770.05,772.15,"951,400",11.66,-0.787271025
8/23/2016,-0.781065693,776.44,771.78,772.08,"928,200",11.67,-0.781065693
8/24/2016,-0.774782256,774.5,767.07,769.64,"1,072,000",11.68,-0.774782256
8/25/2016,-0.768421341,771.89,763.18,769.41,"926,900",11.69,-0.768421341
8/26/2016,-0.761983584,776.08,765.85,769.54,"1,166,700",11.7,-0.761983584
8/29/2016,-0.75546963,774.99,766.61,772.15,"847,600",11.71,-0.75546963
8/30/2016,-0.748880129,774.47,766.84,769.09,"1,130,000",11.72,-0.748880129
8/31/2016,-0.742215741,769.09,765.38,767.05,"1,248,600",11.73,-0.742215741
9/1/2016,-0.735477132,771.02,764.3,768.78,"925,100",11.74,-0.735477132
9/2/2016,-0.728664976,773.92,768.41,771.46,"1,072,700",11.75,-0.728664976
9/6/2016,-0.721779954,782,771,780.08,"1,442,800",11.76,-0.721779954
9/7/2016,-0.714822754,782.73,776.2,780.35,"893,700",11.77,-0.714822754
9/8/2016,-0.707794073,780.35,773.58,775.32,"1,270,300",11.78,-0.707794073
9/9/2016,-0.700694614,773.24,759.66,759.66,"1,885,500",11.79,-0.700694614
9/12/2016,-0.693525085,770.29,754,769.02,"1,311,000",11.8,-0.693525085
9/13/2016,-0.686286204,766.22,755.8,759.69,"1,395,000",11.81,-0.686286204
9/14/2016,-0.678978695,767.68,759.11,762.49,"1,087,400",11.82,-0.678978695
9/15/2016,-0.671603289,773.8,759.96,771.76,"1,305,100",11.83,-0.671603289
9/16/2016,-0.664160724,769.75,764.66,768.88,"2,049,300",11.84,-0.664160724
9/19/2016,-0.656651742,774,764.44,765.7,"1,172,800",11.85,-0.656651742
9/20/2016,-0.649077096,773.33,768.53,771.41,"978,600",11.86,-0.649077096
9/21/2016,-0.641437543,777.16,768.3,776.22,"1,167,800",11.87,-0.641437543
9/22/2016,-0.633733847,789.85,778.44,787.21,"1,486,200",11.88,-0.633733847
9/23/2016,-0.625966778,788.93,784.15,786.9,"1,411,900",11.89,-0.625966778
9/26/2016,-0.618137112,782.74,773.07,774.21,"1,533,200",11.9,-0.618137112
9/27/2016,-0.610245634,785.99,774.31,783.01,"1,153,200",11.91,-0.610245634
9/28/2016,-0.602293131,781.81,774.97,781.56,"1,109,800",11.92,-0.602293131
9/29/2016,-0.5942804,785.8,774.23,775.01,"1,314,700",11.93,-0.5942804
9/30/2016,-0.586208241,780.94,774.09,777.29,"1,585,300",11.94,-0.586208241
10/3/2016,-0.578077461,776.07,769.5,772.56,"1,278,800",11.95,-0.578077461
10/4/2016,-0.569888875,778.71,772.89,776.43,"1,201,400",11.96,-0.569888875
10/5/2016,-0.5616433,782.07,775.65,776.47,"1,461,200",11.97,-0.5616433
10/6/2016,-0.553341561,780.48,775.54,776.86,"1,070,700",11.98,-0.553341561
10/7/2016,-0.544984489,779.66,770.75,775.08,"933,200",11.99,-0.544984489
10/10/2016,-0.536572918,789.38,775.87,785.94,"1,174,900",12,-0.536572918
10/11/2016,-0.528107691,792.28,780.58,783.07,"1,372,500",12.01,-0.528107691
10/12/2016,-0.519589653,788.13,782.06,786.14,"937,400",12.02,-0.519589653
10/13/2016,-0.511019657,781.22,773,778.19,"1,365,300",12.03,-0.511019657
10/14/2016,-0.502398559,783.95,776,778.53,"852,500",12.04,-0.502398559
10/17/2016,-0.493727222,785.85,777.5,779.96,"1,093,000",12.05,-0.493727222
10/18/2016,-0.485006512,801.61,785.57,795.26,"2,056,900",12.06,-0.485006512
10/19/2016,-0.476237302,804.6,798.03,801.5,"1,766,800",12.07,-0.476237302
10/20/2016,-0.467420469,803.97,796.03,796.97,"1,757,500",12.08,-0.467420469
10/21/2016,-0.458556895,799.5,794,799.37,"1,266,200",12.09,-0.458556895
10/24/2016,-0.449647465,815.18,804.82,813.11,"1,697,500",12.1,-0.449647465
10/25/2016,-0.44069307,816.68,805.14,807.67,"1,576,400",12.11,-0.44069307
10/26/2016,-0.431694607,806.98,796.32,799.07,"1,647,700",12.12,-0.431694607
10/27/2016,-0.422652974,803.49,791.5,795.35,"2,749,200",12.13,-0.422652974
10/28/2016,-0.413569077,815.49,793.59,795.37,"4,269,900",12.14,-0.413569077
10/31/2016,-0.404443823,796.86,784,784.54,"2,427,300",12.15,-0.404443823
11/1/2016,-0.395278125,789.49,775.54,783.61,"2,406,400",12.16,-0.395278125
11/2/2016,-0.386072899,781.65,763.45,768.7,"1,872,400",12.17,-0.386072899
11/3/2016,-0.376829067,769.95,759.03,762.13,"1,943,200",12.18,-0.376829067
11/4/2016,-0.367547552,770.36,750.56,762.02,"2,134,800",12.19,-0.367547552
11/7/2016,-0.358229282,785.19,772.55,782.52,"1,585,100",12.2,-0.358229282
11/8/2016,-0.34887519,795.63,780.19,790.51,"1,366,900",12.21,-0.34887519
11/9/2016,-0.339486211,791.23,771.67,785.31,"2,607,100",12.22,-0.339486211
11/10/2016,-0.330063283,791.17,752.18,762.56,"4,745,200",12.23,-0.330063283
11/11/2016,-0.320607349,760.78,750.38,754.02,"2,431,800",12.24,-0.320607349
11/14/2016,-0.311119355,757.85,727.54,736.08,"3,654,400",12.25,-0.311119355
11/15/2016,-0.301600249,764.42,746.97,758.49,"2,384,000",12.26,-0.301600249
11/16/2016,-0.292050983,766.36,750.51,764.48,"1,472,600",12.27,-0.292050983
11/17/2016,-0.282472513,772.7,764.23,771.23,"1,304,000",12.28,-0.282472513
11/18/2016,-0.272865795,775,760,760.54,"1,547,100",12.29,-0.272865795
11/21/2016,-0.263231791,769.7,760.6,769.2,"1,330,600",12.3,-0.263231791
11/22/2016,-0.253571464,776.96,767,768.27,"1,593,100",12.31,-0.253571464
11/23/2016,-0.243885781,768.28,755.25,760.99,"1,478,400",12.32,-0.243885781
11/25/2016,-0.234175709,765,760.52,761.68,"587,400",12.33,-0.234175709
11/28/2016,-0.224442219,779.53,759.8,768.24,"2,188,200",12.34,-0.224442219
11/29/2016,-0.214686285,778.5,768.24,770.84,"1,616,600",12.35,-0.214686285
11/30/2016,-0.204908883,772.99,754.83,758.04,"2,392,900",12.36,-0.204908883
12/1/2016,-0.195110991,759.85,737.03,747.92,"3,017,900",12.37,-0.195110991
12/2/2016,-0.185293587,754,743.1,750.5,"1,452,500",12.38,-0.185293587
12/5/2016,-0.175457654,763.9,752.9,762.52,"1,394,200",12.39,-0.175457654
12/6/2016,-0.165604175,768.83,757.34,759.11,"1,690,700",12.4,-0.165604175
12/7/2016,-0.155734137,771.36,755.8,771.19,"1,761,000",12.41,-0.155734137
12/8/2016,-0.145848525,778.18,767.23,776.42,"1,488,100",12.42,-0.145848525
12/9/2016,-0.135948328,789.43,779.02,789.29,"1,821,900",12.43,-0.135948328
12/12/2016,-0.126034536,791.25,784.35,789.27,"2,104,100",12.44,-0.126034536
12/13/2016,-0.116108141,804.38,793.34,796.1,"2,145,200",12.45,-0.116108141
12/14/2016,-0.106170136,804,794.01,797.07,"1,704,200",12.46,-0.106170136
12/15/2016,-0.096221513,803,792.92,797.85,"1,626,500",12.47,-0.096221513
12/16/2016,-0.086263269,800.86,790.29,790.8,"2,443,800",12.48,-0.086263269
12/19/2016,-0.076296398,797.66,786.27,794.2,"1,232,100",12.49,-0.076296398
12/20/2016,-0.066321897,798.65,793.27,796.42,"951,000",12.5,-0.066321897
12/21/2016,-0.056340765,796.68,787.1,794.56,"1,211,300",12.51,-0.056340765
12/22/2016,-0.046353998,793.32,788.58,791.26,"972,200",12.52,-0.046353998
12/23/2016,-0.036362596,792.74,787.28,789.91,"623,400",12.53,-0.036362596
12/27/2016,-0.026367558,797.86,787.66,791.55,"789,100",12.54,-0.026367558
12/28/2016,-0.016369883,794.23,783.2,785.05,"1,153,800",12.55,-0.016369883
12/29/2016,-0.006370571,785.93,778.92,782.79,"744,300",12.56,-0.006370571
12/30/2016,0.003629378,782.78,770.41,771.82,"1,770,000",12.57,0.003629378
